question,topic,crop,agro_zone,document_id,reference_answer,QuestionId
Weevils in stored maize without chemicals?,post_harvest,maize,semi_arid,doc_pos_001,Dry to twelve to thirteen percent and seal in hermetic bags.,1
Insurance paid but my field still failed — why?,climate_adaptation,general,semi_arid,doc_cli_003,Basis risk means index payouts may not match individual field losses.,2
Which cover crop helps between maize seasons?,soil_health,general,sub_humid,doc_soi_002,Mucuna or lablab reduce erosion and suppress weeds.,3
Maize stalks lodging before harvest — nutrient angle?,fertiliser,maize,sub_humid,doc_fer_001,Ensure balanced NPK including potassium for stalk strength.,4
What are signs of bean rust?,crop_diseases,beans,highland,doc_dis_002,Reddish-brown pustules on leaf undersides in cool humid weather.,5
Can I apply urea on dry soil?,fertiliser,maize,sub_humid,doc_fer_001,Only if rain or irrigation is imminent; otherwise uptake is poor.,6
Cassava chips spoiling in the shed.,post_harvest,cassava,sub_humid,doc_pos_003,Dry chips below fourteen percent moisture before bagging off the floor.,7
What is basis risk in weather-index insurance?,climate_adaptation,general,semi_arid,doc_cli_003,Payouts may not match your individual field losses.,8
My soil test shows pH 5.2 — what should I do?,soil_health,general,highland,doc_soi_001,Apply agricultural lime based on the test and incorporate before planting.,9
How do I know compost is ready to use?,soil_health,general,semi_arid,doc_soi_003,"It should be dark, crumbly, and free of undecomposed stalks or foul odour.",10
Target moisture for cassava chips?,post_harvest,cassava,sub_humid,doc_pos_003,Below fourteen percent with uniform slices and regular turning while drying.,11
How does night corralling help cattle in tsetse areas?,livestock,livestock,sub_humid,doc_liv_003,Smoke-treated pens reduce fly exposure when combined with cleared kraal bush.,12
What damage does fall armyworm cause in maize?,pests,maize,semi_arid,doc_pes_001,Larvae feed in the whorl leaving ragged window-pane damage and frass.,13
Holes and sawdust in my maize whorl — what pest?,pests,maize,semi_arid,doc_pes_001,Fall armyworm whorl feeding; scout weekly and treat if over ten percent infested.,14
Flies bothering cattle at the river evening.,livestock,livestock,sub_humid,doc_liv_003,Rotate grazing from riverine bush and use smoke-treated night kraals.,15
How can I collect roof rain for irrigation?,water_management,general,semi_arid,doc_wat_001,Channel roof runoff into screened tanks with first-flush diverters.,16
How do I lower aflatoxin in groundnuts?,post_harvest,groundnuts,semi_arid,doc_pos_002,Dry quickly on raised mats and remove mouldy kernels before storage.,17
How should village chickens be vaccinated?,livestock,livestock,sub_humid,doc_liv_001,Follow extension eye-drop or drinking-water schedules on time.,18
What spreads cassava mosaic?,crop_diseases,cassava,sub_humid,doc_dis_003,Whiteflies spread the virus; infected cuttings also carry it.,19
Why are my maize lower leaves turning yellow but the midrib stays green?,crop_diseases,maize,sub_humid,doc_dis_001,Likely nitrogen deficiency — yellowing starts on older leaves while the midrib stays greener.,20
Why does low pH hurt legumes?,soil_health,general,highland,doc_soi_001,Acidity binds phosphorus and limits nodulation below about pH 5.5.,21
How should I terminate cover crops?,soil_health,general,sub_humid,doc_soi_002,"Before hard seed set, leaving residues as surface mulch.",22
What moisture is safe for sealing maize in hermetic bags?,post_harvest,maize,semi_arid,doc_pos_001,Dry to about twelve to thirteen percent moisture before sealing.,23
What are contour bunds for?,water_management,general,highland,doc_wat_003,They slow runoff and increase infiltration on slopes.,24
Erosion on my hillside maize plot.,water_management,general,highland,doc_wat_003,Build contour bunds with grass strips and repair after storms.,25
Poor bean pods despite flowers — micronutrient?,fertiliser,beans,highland,doc_fer_003,Check boron deficiency; foliar boron only at recommended rates.,26
Drip emitters clogging — prevention?,water_management,general,sub_humid,doc_wat_002,Filter water and flush lines weekly especially in sandy soils.,27
Rains started late — which maize variety strategy?,climate_adaptation,maize,semi_arid,doc_cli_001,Use short-season drought-tolerant varieties aligned to rainfall onset.,28
Where should I place phosphorus for maize?,fertiliser,maize,sub_humid,doc_fer_001,Near the planting hole while top-dressing nitrogen at knee height.,29
Yellow maize from the ground up — midrib still green. Deficiency or disease?,crop_diseases,maize,sub_humid,doc_dis_001,Uniform yellowing on older leaves with greener midribs suggests nitrogen deficiency.,30
What is deadheart in sorghum?,pests,sorghum,semi_arid,doc_pes_002,Stem borer tunneling kills the growing point in seedlings.,31
Cassava leaves look mosaic and twisted — cause?,crop_diseases,cassava,sub_humid,doc_dis_003,Cassava mosaic spread by whiteflies; use certified cuttings and rogue infected plants.,32
How do I prevent cassava mosaic on a new plot?,crop_diseases,cassava,sub_humid,doc_dis_003,Plant certified virus-free cuttings and rogue infected plants early.,33
Aphids are curling my nursery leaves — first steps?,pests,general,highland,doc_pes_003,"Monitor daily, use reflective mulch, and wash colonies with soapy water.",34
Symptoms of Newcastle disease in chickens?,livestock,livestock,sub_humid,doc_liv_001,"Respiratory distress, greenish diarrhoea, and sudden mortality.",35
How do I reduce heat stress in dairy cows?,climate_adaptation,livestock,semi_arid,doc_cli_002,"Provide shade, night grazing, and clean water; avoid afternoon work.",36
When should I treat fall armyworm?,pests,maize,semi_arid,doc_pes_001,When more than ten percent of plants are infested at early vegetative stage.,37
Why mulch with drip irrigation?,water_management,general,sub_humid,doc_wat_002,Mulch keeps soil moisture stable and cuts evaporation between cycles.,38
Beans have hollow stems — nutrient issue?,fertiliser,beans,highland,doc_fer_003,Possible boron deficiency on sandy acidic soils; use foliar boron at safe rates.,39
Sticky soot on seedlings in the nursery.,pests,general,highland,doc_pes_003,Aphid honeydew leading to sooty mould; wash aphids and protect natural enemies.,40
Cows panting in afternoon sun — management?,climate_adaptation,livestock,semi_arid,doc_cli_002,"Shade, water ad libitum, and avoid working animals in peak heat.",41
How do I make hay for the dry season?,livestock,livestock,semi_arid,doc_liv_002,"Harvest forage at boot stage, sun-dry on racks, and store under cover.",42
Weeds between seasons — cover crop option?,soil_health,general,sub_humid,doc_soi_002,Mucuna or lablab as cover crops terminated before hard seed.,43
How do I reduce bean rust spread?,crop_diseases,beans,highland,doc_dis_002,"Use clean seed, avoid dusk overhead irrigation, and remove infected debris.",44
Sudden chicken deaths with green droppings.,livestock,livestock,sub_humid,doc_liv_001,Suspect Newcastle disease; vaccinate on schedule and isolate sick birds.,45
What disease does Xanthomonas vasicola pv. musacearum cause on banana?,crop_diseases,general,sub_humid,doc_dis_007,It causes bacterial wilt on banana.,46
How can we handle disputes with neighbors without going to village authorities?,general,general,semi_arid,doc_gen_016,"You can manage disagreements informally, using local social norms and relationships",47
"If I replace half of the fodder I collect with grass-legume mixtures, will it improve the feed quality for my livestock?",climate_adaptation,livestock,highland,doc_cli_016,"Yes, replacing 50 % of collected fodder",48
How can the Viazi Soko digital platform help my potato farm?,general,general,highland,doc_gen_022,Viazi Soko offers e-ad,49
Which vegetables are mentioned as being grown in sack gardens in Kibera?,general,general,semi_arid,doc_gen_026,Kale and Swiss,50
Why do women farmers have more difficulty accessing climate services?,climate_adaptation,general,semi_arid,doc_cli_027,Because women's needs and priorities often differ from men's and they face greater constraints,51
What kind of support services should I look for to help me innovate on my farm?,general,general,highland,doc_gen_052,"Look for diversified,",52
Which pepper variety do most smallholder farmers grow for market sales in Southwest Nigeria?,general,general,sub_humid,doc_gen_057,"Bell pepper, with about 81.9% of respondents cultivating it for market purposes, more",53
Is the cost of producing a liter of milk higher for pure Ethiopian Boran cows than for Boran-Holstein crossbreeds?,livestock,livestock,highland,doc_liv_039,Yes; the study found,54
Will I get more rain overall even though there are fewer rainy days?,climate_adaptation,general,semi_arid,doc_cli_050,"Yes, the",55
Can planting legumes under my coffee trees give me more forage and improve coffee yields?,livestock,livestock,highland,doc_liv_045,Yes; ILCA trials in Ethiopia showed that legumes grown under coffee trees provide substantial,56
"When does the rainy season occur, so I can plan my planting schedule?",climate_adaptation,general,sub_humid,doc_cli_052,The rainy season in Mozambique runs from,57
How much does urea fertilizer cost per kilogram in Ghana?,fertiliser,general,sub_humid,doc_fer_031,The average national price of urea fertilizer in Ghana is about 0.,58
How can I receive climate information to help plan my farming activities?,climate_adaptation,general,semi_arid,doc_cli_004,"You can access climate information through the network of community rural radio stations (URAC), which the project uses to reach farmers.",59
How can I get better access to breeding services and markets for my sheep and goats?,livestock,general,sub_humid,doc_liv_004,"The program plans to involve the private sector to provide inputs and services, offer technical support for community-based breeding, and facilitate market linkages for breeding, meat, and products.",60
Why should I talk with extensionists and soil scientists about my soil fertility?,soil_health,general,semi_arid,doc_soi_004,Effective knowledge exchange with extensionists and soil scientists is essential to increase opportunities for sustainable soil fertility management.,61
Which virus is most commonly found infecting garlic in Ethiopia?,crop_diseases,general,highland,doc_dis_005,Onion yellow dwarf virus (OYDV) is the most common virus detected in garlic samples.,62
Will joining the Sustainable Land Management Program increase the value of my farm's production?,water_management,general,highland,doc_wat_004,"According to the study, the SLMP has not been linked to significant increases in household-level agricultural production value.",63
How can I protect my groundnut crop from Early Leaf Spot disease?,crop_diseases,groundnuts,sub_humid,doc_dis_006,"Use groundnut varieties that are bred for resistance to Early Leaf Spot, as developing resistant varieties is the most viable management strategy.",64
Which wild edible plant was noted as the most significant contributor to women's diets in the study?,general,general,sub_humid,doc_gen_002,The semi-wild safou fruit (Dacryodes edulis) was the most noteworthy contributor.,65
Are whiteflies a problem for my tomato plants?,general,general,sub_humid,doc_gen_003,"Yes, whiteflies are sap-sucking insects that act as the main vector of many tomato viruses in Côte d'Ivoire.",66
Why might a new crop variety that matches my preferences still not be adopted on my farm?,general,general,sub_humid,doc_gen_004,Because other factors beyond preferences and needs can affect adoption of varieties.,67
How can neglected and underutilized species help my farm's productivity and resilience?,soil_health,general,sub_humid,doc_soi_005,"They can reduce poverty, improve nutrition, and combat climate change, offering new growth opportunities for your farm.",68
What causes cassava bacterial blight (CBB) in my fields?,crop_diseases,cassava,sub_humid,doc_dis_008,CBB is caused by the bacterium *Xanthomonas axonopodis* pv. *manihotis* (Xam).,69
Do I need official permission before I can grow genetically modified seeds on my farm?,general,general,sub_humid,doc_gen_005,"Yes, the Biosafety Act requires you to obtain approval from the Competent Authority for any confined field trials or commercial release of living modified organisms, including GM seeds.",70
How many sweetpotato genotypes were included in the spectroscopic analysis?,general,general,sub_humid,doc_gen_007,The analysis covered 60 sweetpotato genotypes harvested in Uganda.,71
How can I tell if a cowpea variety is drought-tolerant without waiting for a drought season?,climate_adaptation,general,semi_arid,doc_cli_006,"By measuring canopy temperature and calculating the index of canopy conductance, you can indirectly assess transpiration rate; lower canopy temperature and higher conductance indicate better control of leaf water loss and drought tolerance.",72
How many households have accessed the nutritious sweetpotato varieties through this project?,crop_diseases,general,sub_humid,doc_dis_009,More than two million households.,73
How can I afford an off-grid solar pump for irrigation?,climate_adaptation,livestock,semi_arid,doc_cli_009,"You can access inclusive, sustainable end-user finance mechanisms that provide low-income farmers with financing to purchase solar pumps.",74
Can growing chili peppers give me extra income?,climate_adaptation,general,semi_arid,doc_cli_010,"Yes, the report notes that a woman's farming group growing chili peppers provides additional income.",75
What does the CGIAR Research Program on Livestock aim to achieve for smallholder farmers?,livestock,livestock,highland,doc_liv_008,"It aims to increase livestock productivity sustainably, making meat, milk, and eggs more available and affordable, and to help farmers transition to resilient, productive livelihoods.",76
Why is agricultural biodiversity important for poor households in dryland areas?,livestock,general,sub_humid,doc_liv_009,"It is one of the most important assets for rural households, especially the poor living in marginal dryland regions.",77
How can alternative payment systems help livestock farmers cooperate on sharing water infrastructure?,water_management,livestock,semi_arid,doc_wat_006,"The study finds that payment systems that better match water provision with usage can encourage cooperation among farmers, even when livestock numbers and water needs constantly change.",78
Is there a severe drought affecting water availability for farming in eastern Australia right now?,climate_adaptation,general,semi_arid,doc_cli_013,"Yes, eastern Australia is experiencing its worst drought in 100 years, leading to critical water shortages for agricultural systems.",79
How can a women's self-help group help me get improved sorghum varieties?,general,sorghum,semi_arid,doc_gen_012,"By forming a group that works as a pilot project, you can promote improved sorghum strains with support from agricultural agencies.",80
How reliable is the rainfall data from the system for planning my farm's irrigation?,general,general,semi_arid,doc_gen_013,"The rainfall data is raw and has not undergone quality assurance, so its reliability may be limited.",81
Is Kenya's agricultural policy environment historically supportive of poor farmers?,general,general,semi_arid,doc_gen_014,"No, historically the policy-shaping environment in the agricultural sector has not been pro-poor and few incentives have existed for farmers.",82
Are there many drought-tolerant chickpea varieties I can plant now?,climate_adaptation,general,semi_arid,doc_cli_014,Currently only a few drought-tolerant chickpea genotypes are available; more diverse tolerant varieties are still needed for breeding.,83
What is the prevalence of Schistosoma mansoni infection in the freshwater snails that might be in my fields?,livestock,livestock,semi_arid,doc_liv_012,"In Biomphalaria pfeifferi snails, infection rates ranged from about 1.8% to 7.1% in the studied areas.",84
How does targeting climate-smart agricultural technologies to the right locations help me as a farmer?,climate_adaptation,general,sub_humid,doc_cli_018,"Spatial targeting matches technologies to suitable local conditions, lowering the risk of failure and improving adoption and efficient use of limited resources.",85
Why are small reservoirs important for us in the Limpopo basin?,post_harvest,general,semi_arid,doc_pos_005,Small reservoirs are critical for storing water and sustaining rural livelihoods in semi-arid areas like the Limpopo basin.,86
What factors does the targetCSA decision-support tool use to choose climate-smart practices for my area?,climate_adaptation,livestock,semi_arid,doc_cli_019,"It combines quantitative, spatial data on vulnerability (like soil organic matter, literacy rate, market access) with proxies for CSA practices such as soil fertility improvement, water harvesting, and agroforestry, plus qualitative stakeholder opinions.",87
How does using warrantage help me get better prices for my sorghum or maize?,livestock,general,sub_humid,doc_liv_013,"It lets you store your sorghum or maize and sell it later, so you can take advantage of higher average market prices.",88
Why do I need weather stations located in cropland to estimate my crop's water needs?,water_management,general,semi_arid,doc_wat_007,"Because without stations that represent cropland conditions, especially in drylands, the reference evapotranspiration (ETo) estimates can be inaccurate. Using nearby cropland stations provides weather data that better reflect the actual conditions affecting your crops.",89
Has COVID-19 changed the demand for milk from farmers in Addis Ababa?,crop_diseases,livestock,highland,doc_dis_011,"Yes, the pandemic has altered food availability and consumer preferences, leading to disruptions and changes in demand for dairy products in the Addis Ababa market.",90
How did the COVID-19 lockdown affect women's access to agricultural extension services?,crop_diseases,general,sub_humid,doc_dis_013,The lockdown further reduced the already limited access women had to formal extension services.,91
How much yield loss can Cassava brown streak disease cause?,crop_diseases,cassava,highland,doc_dis_014,It can cause up to 100% yield loss.,92
How can I get support services for my pigs from women or youth-led businesses?,livestock,livestock,highland,doc_liv_017,The initiative is strengthening women's and youth-led enterprises so they can provide quality services and create linkages specifically for pig farmers like you.,93
Can aphids spread groundnut rosette disease even when the plants look healthy?,crop_diseases,groundnuts,highland,doc_dis_015,Yes; the study found GRAV present in symptomless plants and that viruliferous Aphis craccivora can transmit the virus to healthy crops.,94
Will commercialisation help me use more fertilizer on my farm?,fertiliser,general,sub_humid,doc_fer_006,The excerpt finds no strong evidence that commercialisation increases fertilizer use among the surveyed smallholder households.,95
How much does supplemental irrigation from a small basin increase my maize yield?,water_management,maize,semi_arid,doc_wat_008,It raised yields by about 0.8 t/ha in 2012-2013 and 2.4 t/ha in 2013-2014 compared to fields without the irrigation.,96
Will using insecticides help control fall armyworm on my maize?,pests,maize,sub_humid,doc_pes_004,"Yes, the excerpt states that insecticides are the most effective control measure for fall armyworm, though they can be expensive for resource-poor farmers.",97
How do grain legumes help improve my soil fertility?,soil_health,general,sub_humid,doc_soi_006,"Grain legumes increase biological nitrogen fixation, which adds nitrogen to the soil and enhances its fertility.",98
How can I make charcoal production more sustainable in Kitui County?,general,general,semi_arid,doc_gen_018,"Use sustainable harvesting by managing woodlands, encouraging natural regeneration and planting trees on degraded lands, and adopt more efficient processing and carbonization methods.",99
Which cassava varieties were evaluated for disease resistance in the 2016/2017 trial in Ibadan?,crop_diseases,cassava,sub_humid,doc_dis_018,"Eight cassava clones were assessed for disease resistance (along with poundability, high yield, and high dry matter) in the 2016/2017 Advance Yield Trial in Ibadan.",100
Which disease are the new bean landraces being bred to resist?,crop_diseases,general,sub_humid,doc_dis_019,The study focuses on breeding resistance to Angular Leaf Spot (ALS) in common beans.,101
How does climate-smart agriculture help balance higher yields with climate resilience and lower emissions?,water_management,general,"highland, semi_arid",doc_wat_009,"CSA seeks to increase productivity, improve adaptation to climate impacts, and reduce greenhouse-gas emissions, but it requires careful planning to manage the trade-offs and synergies among these three goals.",102
How can the CGIAR Research Program on Livestock help me improve my livestock productivity and profitability?,livestock,livestock,sub_humid,doc_liv_019,It offers research-based solutions that support smallholder farmers in increasing livestock productivity and profitability in sustainable ways.,103
How can lactic acid bacteria help reduce aflatoxin contamination in my crops?,crop_diseases,general,sub_humid,doc_dis_020,"Lactic acid bacteria can inhibit mold growth and bind aflatoxin, lowering its presence in food and feed.",104
Should I continue expanding my cocoa farm or focus on other crops like coffee or plantain?,general,general,sub_humid,doc_gen_020,"The excerpt shows cocoa production has stagnated, while coffee, plantain, and other food crops have increased, suggesting a shift to those crops may be more productive.",105
How does reducing food loss and waste help lower greenhouse gas emissions?,climate_adaptation,general,sub_humid,doc_cli_022,"Cutting food loss and waste can lower emissions by up to 6-10% of total anthropogenic GHGs, reducing the emission intensity of agriculture (fewer tons of GHG per ton of food consumed).",106
How can I find out if my maize seed is infected with pests or diseases?,crop_diseases,maize,sub_humid,doc_dis_021,"Attend the workshop, which will demonstrate laboratory methods for seed health testing and teach you how to detect seed-borne pathogens.",107
Can I use the manual seed-sower to plant my maize and beans?,general,general,sub_humid,doc_gen_021,"Yes, the manual seed-sower can be used to plant maize, beans, and soy.",108
What does the acronym IPMS stand for in the document?,livestock,general,highland,doc_liv_020,IPMS stands for the Improving Productivity and Market Success of Ethiopian Farmers Project.,109
How can the hotspot mapping tool help me negotiate access to water points for my livestock?,climate_adaptation,livestock,semi_arid,doc_cli_023,"The hotspot mapping identifies climate stressors, transhumance routes, and water points, showing conflict trigger areas, which you can use as evidence to negotiate and agree on water-point access and pastoral infrastructure use.",110
How can new seed varieties help increase my farm's grain yield?,crop_diseases,general,sub_humid,doc_dis_023,"New seed varieties are designed for small-scale farmers' constraints and can boost staple crop productivity, helping you produce more grain.",111
How is animal health monitored and assessed in Uganda according to the study?,crop_diseases,livestock,sub_humid,doc_dis_024,"The assessment uses questionnaires, reviews of animal disease data, the PPR Monitoring and Assessment Tool (PMAT), and the OIE Performance of Veterinary Services evaluations.",112
Is there a strong demand for soybeans for livestock feed in Ghana right now?,livestock,general,sub_humid,doc_liv_021,"Yes, domestic production isn't meeting demand, so imports of soybeans have grown significantly to supply the livestock and fish feed market.",113
How will I get help to use conservation agriculture on my farm?,climate_adaptation,maize,highland,doc_cli_024,"The Ministry of Agriculture will add conservation agriculture to its formal extension program and expand it in districts that already have some experience, so you can receive training through those local extension services.",114
How is the suitability for dry-season small-scale irrigation determined in the Upper East Region of Ghana?,water_management,general,semi_arid,doc_wat_011,"It is assessed using an ensemble of machine-learning models that consider biophysical factors (surface and groundwater, climate, topography, soil) and socio-economic factors (population, road and city access).",115
How does the CGIAR Research Program on Livestock help smallholder farmers like me?,livestock,general,sub_humid,doc_liv_023,"It provides research-based solutions aimed at increasing the productivity and profitability of livestock agri-food systems, making meat, milk, and eggs more available and affordable.",116
What new livestock feed crop is Africa RISING testing in the Ethiopian highlands?,livestock,general,highland,doc_liv_024,The project is researching fodder beet as a feed and forage option for livestock.,117
Where can I sell my livestock online in Namibia?,livestock,livestock,semi_arid,doc_liv_025,"You can sell livestock through AGRA, Namibia's only online agriculture trading facility.",118
How long should I let my field lie fallow to maintain good yields?,soil_health,general,sub_humid,doc_soi_007,"Historically, a 10-12-year secondary forest fallow was used, but it has now dropped to 3-5 years, which has reduced yields and increased pests and weeds.",119
Who is helping the Liberian Ministry of Public Works set up a system to monitor the socio-economic impacts of rural road improvements?,general,general,sub_humid,doc_gen_024,"The Ministry is working with ReCAP, using the Liberian Swedish Feeder Roads Project funded by the Swedish Government and a consultancy from the University of Birmingham.",120
How can I help women adopt climate-smart agriculture practices on my farm?,climate_adaptation,livestock,sub_humid,doc_cli_026,"Use a combined approach that offers both technical training and addresses social-cultural norms, as bundling technical and social interventions improves gender-equitable uptake of climate-smart practices.",121
What is the purpose of the visioning exercise in Work Package 1 of the Agroecology Initiative?,soil_health,general,semi_arid,doc_soi_008,It is used as a planning tool to guide collective action in the Agroecological Living Landscapes and help trigger agroecological transitions.,122
What is the Participatory Market Chain Approach (PMCA) and how does it involve farmers?,general,general,highland,doc_gen_025,"The PMCA is a flexible approach that brings together smallholder farmers, market agents, researchers, and service providers in a collective process to identify and exploit business opportunities.",123
How can I estimate the methane emissions from my pasture-based dairy cows?,fertiliser,livestock,sub_humid,doc_fer_009,"Monitor a representative animal from each herd, record its body weight and behavior on pasture for three consecutive days, and compare the results for dry and wet seasons.",124
How can I control invasive Australian acacias on my farm?,general,general,semi_arid,doc_gen_027,"Management approaches target each stage of the acacia life cycle, with specific control methods available for each stage.",125
Can smallholder farmers with about half a hectare use tractors or power tillers on their fields?,water_management,general,sub_humid,doc_wat_012,"Yes, in Bangladesh even farms averaging 0.5 ha have adopted tractors and power tillers for cultivation.",126
How does the 1998 Ghana Demographic and Health Survey help improve health services for our families?,general,general,sub_humid,doc_gen_006,"It provides reliable data on fertility, family planning, child mortality, nutrition, and maternal-child health, which guide policy, planning, and program evaluation at national and local levels.",127
What alternative export crops can I consider that are more resilient to the increasing intensity of cyclones?,climate_adaptation,general,highland,doc_cli_007,"Farmers are seeking other export crops that are considered more resilient to stronger cyclones, though the excerpt does not specify which crops.",128
How can the Rice GAPfinder tool help me check if my rice farming practices are sustainable?,general,general,semi_arid,doc_gen_010,"It lets you assess and monitor sustainable rice practices in your fields, providing benchmarks against the Sustainable Rice Platform standards.",129
What should we consider doing with our mobile pastoralism when a severe drought hits?,livestock,livestock,"highland, semi_arid",doc_liv_015,The excerpt suggests that droughts may require you to rethink or even abandon mobile pastoralism as a livelihood.,130
What traits were evaluated in the cassava variety assessment trial in Ibadan?,crop_diseases,cassava,sub_humid,doc_dis_026,"The trial evaluated cassava clones for high yield, disease resistance, and resistance to post-harvest physiological deterioration (PPD).",131
Will cows with more than 50% exotic breed give me more milk than cows with 50% or less exotic genetics?,livestock,livestock,"semi_arid, sub_humid",doc_liv_026,"Yes, the study found that cattle in the >50% exotic group (EC2) produced higher test-day milk yields than the ≤50% exotic group (EC1).",132
Where can I find the Investment Guide for Community-Based Seed Entrepreneurs in Millet Production?,crop_diseases,general,semi_arid,doc_dis_027,The guide was published by the International Institute of Tropical Agriculture (IITA) in October 2023 and is available through IITA (www.iita.org).,133
How can the genomic evaluation results help improve my dairy herd?,livestock,livestock,highland,doc_liv_027,"The results are used to strengthen dairy extension support, helping you select better genetics and improve herd productivity.",134
At what soil depths should I collect samples for analysis?,general,general,sub_humid,doc_gen_028,Collect samples from the 0-20 cm layer and the 20-50 cm layer.,135
How is the study planning to help improve the quality of fish seed for farmers like me?,general,general,sub_humid,doc_gen_029,"The study aims to identify opportunities and challenges for better seed quality, especially by focusing on genetically improved tilapia for Zambian farmers.",136
How much funding did Nigeria receive from the World Bank to help control H5N1 avian influenza?,crop_diseases,livestock,semi_arid,doc_dis_030,Nigeria received a US$ 50 million loan from the World Bank for H5N1 control and preparedness.,137
What happens to chickpea if the temperature goes above 35 °C?,climate_adaptation,general,semi_arid,doc_cli_030,Temperatures above 35 °C reduce chickpea fertility and impair seed development.,138
Will I receive fair payment if a foreign company wants to lease my land?,general,general,sub_humid,doc_gen_031,The excerpt notes that compensation offered to land owners in such deals is often relatively low.,139
How do arbuscular mycorrhizal fungi help my beans and maize when the soil is low in fertility and phosphorus?,fertiliser,general,highland,doc_fer_011,"The fungi form a natural partnership with roots, improving nutrient uptake-especially phosphorus-and can boost growth and yield of beans and maize in low-fertility soils.",140
How can I detect areas with soil salinity in my field?,general,general,semi_arid,doc_gen_032,By using remote sensing to calculate the Salinity Index 1 (SI1) and confirming it with soil samples taken at multiple points.,141
How will climate change affect hunger reduction efforts in the coming decades?,climate_adaptation,general,sub_humid,doc_cli_031,Climate change will continue to slow the projected reductions in hunger in the coming decades.,142
What is the purpose of the FASA project mentioned in the document?,climate_adaptation,general,sub_humid,doc_cli_032,The FASA project aims to develop and scale sustainable feeds for resilient aquatic food systems in Africa.,143
How does the EiA Initiative ensure women and youth are included in its agronomic work?,general,general,sub_humid,doc_gen_034,"It integrates women and youth into Use Cases so they equally participate in, benefit from, and help pilot agronomic solutions and social innovations that empower them.",144
What proportion of Central Africa's forests are designated as protected areas?,general,general,sub_humid,doc_gen_035,Between 10% and 15% of the forest surface area is occupied by protected areas.,145
What disease can cause complete loss of my cassava harvest?,crop_diseases,cassava,sub_humid,doc_dis_033,Cassava brown streak virus (CBSV) can cause up to 100% yield loss in severe infections.,146
What grain yield can I expect from the bio-fortified sorghum hybrids identified in the study?,climate_adaptation,sorghum,semi_arid,doc_cli_033,"The ten bio-fortified hybrids produced yields between 3,774 and 5,068 kg per hectare.",147
How is CIRAD planning to support tropical forest research and training for farmers?,general,general,sub_humid,doc_gen_036,"CIRAD commits to action-oriented forestry research through five main lines and six research areas, partnering on projects and training mechanisms to protect forest functions.",148
What level of temporary flooding should I avoid to protect my maize crop?,water_management,maize,semi_arid,doc_wat_014,"Flooding of 2-3 cm or more, especially for three to six days, can harm maize growth; keeping fields at 0 cm flooding is safest.",149
Will coating my maize seeds with imazapyr reduce witchweed and increase yield?,crop_diseases,maize,sub_humid,doc_dis_036,"Yes, field trials showed that maize hybrids coated with imazapyr and having imidazolinone-resistance and witchweed-tolerance genes yielded more and had fewer witchweed plants.",150
Why have maize prices dropped by about 25 % in March?,post_harvest,maize,sub_humid,doc_pos_006,"Prices fell because the new harvest reached the market and the Malawi kwacha's depreciation slowed, while imports from Tanzania, Mozambique and Zambia increased supply.",151
What is being done to protect the Mau Forest Complex from further degradation?,general,general,semi_arid,doc_gen_037,Kenya Forest Service is implementing measures to mitigate degradation and ensure the forest is securely and sustainably managed.,152
What is the goal of the BREEDCAFS project for coffee farmers in the highlands?,fertiliser,general,highland,doc_fer_013,"The BREEDCAFS project aims to revive the coffee sector by introducing new F1 hybrid coffee varieties that are well-suited to agroforestry systems, give high yields and produce high cup quality.",153
How can I estimate the root length density of my sorghum plants without disturbing the soil?,fertiliser,sorghum,semi_arid,doc_fer_014,"Use the root intersection density (RID) method by taking undisturbed 1 × 10−3 m3 soil cubes, count thick and fine root intersections on the cube sides, and convert those counts to RLD while accounting for root orientation.",154
How can my livestock help improve my crop yields?,fertiliser,livestock,sub_humid,doc_fer_015,"Their manure can be used as fertilizer, adding nutrients to the soil and supporting better crop production.",155
What nitrogen fertilizer rates were tested for maize in the study?,fertiliser,maize,sub_humid,doc_fer_017,The study tested nitrogen application rates of 50 kg N/ha and 100 kg N/ha.,156
How serious is foodborne disease compared to other health issues in Kenya?,post_harvest,general,sub_humid,doc_pos_007,It has a greater impact on public health in Africa than either tuberculosis or diabetes.,157
Will getting a cow and having community health workers visit my home increase my child's milk consumption?,livestock,livestock,sub_humid,doc_liv_031,"Yes, the study found that households receiving a cow and CHW‐led behavior change activities saw higher child milk consumption.",158
Why are maize prices higher in the southern part of the country compared to the north?,water_management,maize,sub_humid,doc_wat_017,The report says maize prices in the South were about MWK 40 per kilogram higher than in the North during October.,159
What were the main components of Integrated Water Resources Management introduced in Tanzania around 1990?,water_management,general,sub_humid,doc_wat_018,"They included cost-recovery of state water services, managing water according to river-basin boundaries, and using the existing colonial water-rights (permit) system.",160
Which countries commonly grow pearl millet?,general,general,semi_arid,doc_gen_039,"Pearl millet is mainly cultivated in many African countries-including Niger, Nigeria, Burkina Faso, Togo, Ghana, Mali, Senegal, Central African Republic, Cameroon, Sudan, Botswana, Namibia, Zambia, Zimbabwe, and South Africa-as well as in India, Pakistan, and Yemen in Asia.",161
Why do I see some parts of my maize field giving much lower yields than other parts even though they're in the same field?,general,maize,sub_humid,doc_gen_040,"Because yields are not uniform; the same area can contain both low- and high-yield sites, indicating the need for site-specific management.",162
How can participating in the Mixed Farming Systems Initiative help my farm deal with weather-induced shocks?,livestock,general,highland,doc_liv_032,The Initiative aims to improve smallholder farmers' resilience to weather-induced shocks and provide a more stable income through sustainable intensification.,163
How can I improve vaccination coverage for my livestock in Mali?,livestock,livestock,semi_arid,doc_liv_034,"Join the local Innovation Platform (IP) created in your commune, as they organize and support farmer participation in vaccinations for diseases like PPR, CBPP, and bovine pasteurellosis.",164
Where are traditional plantain bananas grown compared to maoli-popoʻulu bananas?,general,general,sub_humid,doc_gen_042,"Plantain cultivars are traditionally grown in Africa and the western part of the Philippines-Eastern Indonesia-New Guinea region, while maoli-popoʻulu cultivars are cultivated in the Pacific and not found west of that region.",165
How can women and youth get more involved in livestock value chains?,livestock,livestock,highland,doc_liv_036,The workshop identified barriers limiting their participation and recommended integrated solutions to create a more equitable and inclusive value chain.,166
Will climate change make anthrax outbreaks more common in my area?,crop_diseases,general,semi_arid,doc_dis_042,"Yes, climate change is expected to increase the overall prevalence and geographic range of anthrax, including expanding its distribution in Kenya by 2055.",167
How can turning my cassava into flour help increase my income?,general,cassava,sub_humid,doc_gen_045,"By using scientific and technological innovations supported by public investment, processing cassava into flour can create agro-industrial products, reduce reliance on imports, and provide you with additional income.",168
How can I get information on local price changes in my rural area?,general,general,sub_humid,doc_gen_047,"The dataset provides subnational price-level estimates generated by machine learning, giving insight into local price dynamics where traditional data are delayed or unavailable.",169
Will video-based advisory services help me improve my maize farming?,general,maize,highland,doc_gen_048,"Yes, a study in Ethiopia found that large-scale video-mediated advisory services provide clear benefits for farmers.",170
Does a larger farm give me higher profits from vegetables and dairy?,general,livestock,highland,doc_gen_050,"Yes, the study found that bigger farms are strongly linked to higher output, value of outputs, and profit per hectare for vegetables and dairy.",171
Will planting Cajanus cajan (pigeon pea) improve the nitrogen and phosphorus availability in my savanna soil?,soil_health,general,sub_humid,doc_soi_009,"Yes; the study showed that cultivating Cajanus cajan in savanna soils increased soil biological activity, boosting nitrogen and phosphorus availability.",172
How does mulching in conservation agriculture affect my soil and the environment?,climate_adaptation,general,highland,doc_cli_037,"Mulching keeps soil covered, improves water dynamics, stabilises carbon, enhances nitrogen mineralisation, reduces greenhouse-gas emissions and supports beneficial microbial activity.",173
Will Bt maize help protect my maize from stem borer damage in Kenya?,pests,general,highland,doc_pes_005,"Yes, Bt maize has been shown in field trials to control the four major Kenyan stem borer species, reducing leaf damage and tunnel length without observed negative effects.",174
Will cowpea give better yields if I avoid moisture stress?,soil_health,general,sub_humid,doc_soi_010,"Yes, in non-moisture-stressed conditions cowpea shows higher seed weight, biomass, and pod weight compared to moisture-stressed fields.",175
What sugar percentages were used in the reengineered Akpan products tested?,post_harvest,general,sub_humid,doc_pos_004,They tested Akpan with 10% sugar (AS10) and another with 3% sugar.,176
How can I estimate the carbon stock of my forest area?,climate_adaptation,general,sub_humid,doc_cli_005,Carbon stock mapping requires local biomass measurements through forest inventories; remote sensing alone isn't enough.,177
What evidence is there of gender as a causal factor in conflict?,livestock,livestock,sub_humid,doc_liv_005,"The helpdesk reports offer brief summaries of current research, evidence, and lessons learned, drawn from a rapid desk-based review and specialist consultation.",178
How does the short rainy season in the central highlands affect sorghum cultivation?,climate_adaptation,sorghum,"highland, semi_arid, sub_humid",doc_cli_021,"Short rains lead to soil erosion and runoff, which can stress sorghum crops.",179
How does climate change affect malaria risk in the highlands where I grow my crops?,climate_adaptation,general,highland,doc_cli_025,"Climate change is increasing malaria risk in the highlands, as shown in the Central Kenya Highlands case study.",180
How can I promote RTB seed systems to increase smallholder banana production in Uganda?,crop_diseases,general,sub_humid,doc_dis_025,"Focus on raising awareness of RTB products, strengthen innovation brokerage to connect innovators with users, and commercialise RTB seed systems.",181
Is there much genetic diversity in Acmella uliginosa?,general,general,sub_humid,doc_gen_033,"No, low genetic diversity was observed among Acmella accessions.",182
What has Ethiopia done to improve agriculture in recent years?,livestock,livestock,highland,doc_liv_030,"Ethiopia has made unprecedented investments in agriculture, leading to a 7% annual growth rate and helping millions rise to middle-class life, reducing poverty and hunger.",183
How can I use invoices and monthly statements to track antibiotic usage on my pig farm?,crop_diseases,livestock,semi_arid,doc_dis_038,"Check invoices from the last few years, compare them with monthly account statements to find missing ones, and verify antibiotic concentrations through an inventory check before calculating usage.",184
Can the bacteria isolated from vanilla pods help protect my vanilla plants against Fusarium and Colletotrichum?,crop_diseases,general,highland,doc_dis_043,"Yes, strains m62a, m64, and m65 from phylotype 4 have shown in vitro ability to control those fungal pathogens.",185
How does growing eucalyptus affect surface runoff compared to cultivated land and grassland?,general,general,highland,doc_gen_046,"The study evaluates that eucalyptus woodlots influence surface runoff in the Meja River watershed, but specific comparison results are not provided in the excerpt.",186
Did the farmers share the climate-smart techniques they learned from Shamba Shape Up with other farmers?,climate_adaptation,general,highland,doc_cli_038,"Yes, the farmers discussed whether or not they shared the information with fellow farmers.",187
Does aflatoxin in the feed I give my cows end up in the milk I sell?,livestock,general,highland,doc_liv_037,"Yes, AFB1 from contaminated feed is converted to AFM1 and excreted in milk by lactating animals.",188
What did Madagascar do to try to keep rice prices from rising too high?,general,general,highland,doc_gen_053,Madagascar used public tenders for rice imports and sold rice at subsidised official prices to stabilise domestic rice prices.,189
How did Namibia become attractive for solar photovoltaic projects?,general,general,semi_arid,doc_gen_054,"Namibia attracted solar projects by implementing a competitive procurement programme, which made its utility-scale solar PV projects the cheapest in the region, without needing sovereign support.",190
How were vulnerable refugee households identified for food assistance?,general,general,sub_humid,doc_gen_055,"By a targeting strategy developed by UNHCR and WFP, supported by the Joint UNHCR-WFP Programme Excellence and Targeting Hub, which identifies vulnerable households in need of humanitarian assistance and less vulnerable ones who could benefit from livelihood support.",191
How can I get climate information or climate-smart products through the programs mentioned?,climate_adaptation,general,sub_humid,doc_cli_040,AICCRA Zambia uses media and communication channels to build networks that share climate information and climate-smart products with smallholder farmers.,192
How can I get my sweetpotato roots contracted by the project for processing?,general,general,sub_humid,doc_gen_056,"The project contracts fresh roots directly from individual farmers, so you can sell your harvested roots to the project for boiling and mashing at the SE factory or other processors.",193
Should I quarantine imported crop germplasm before using it?,crop_diseases,general,semi_arid,doc_dis_047,"Yes, all imported germplasm must undergo post-entry quarantine to check for exotic disease incidence.",194
Which animals are most affected by Rift Valley fever in Uganda?,crop_diseases,livestock,semi_arid,doc_dis_048,"Cattle, sheep, goats and camels are mainly affected.",195
Can I get finance from banks to help my farm adapt to climate risks?,climate_adaptation,general,sub_humid,doc_cli_041,Banks may avoid financing SMEs because they perceive climate risk as too high.,196
Why was maize only harvested from replication 2 and 3 at Nyimba FTC?,climate_adaptation,maize,sub_humid,doc_cli_043,Termites attacked the other replications and prolonged conditions prevented their harvest.,197
How can I improve the productivity and profitability of my livestock in a sustainable way?,livestock,livestock,"highland, semi_arid",doc_liv_042,Adopt rangeland health integration practices and use research-based solutions from CGIAR programs to increase livestock productivity sustainably.,198
Can sea surface temperature help me predict the July-September rains for my farm?,water_management,general,highland,doc_wat_021,"Scientists are studying the link between sea surface temperature and Ethiopia's main rainy season, but practical forecasts for smallholders are not yet available.",199
What are the main problems that make smallholder potato farmers in Ethiopia unable to reach the crop's yield potential?,crop_diseases,general,highland,doc_dis_049,"They lack quality seed potatoes and reliable seed-quality assurance, so high disease incidence in seed reduces yield.",200
Which data sources were used to estimate the area under small-scale irrigation in the Lake Tana sub-basin?,water_management,general,semi_arid,doc_wat_023,The area was estimated using data obtained from woredas (district) databases.,201
What viral diseases are affecting cassava in my region?,crop_diseases,cassava,sub_humid,doc_dis_051,"Cassava is seriously damaged by viral diseases, including novel ampeloviruses (Closteroviridae) that have been identified in field-grown cassava across several countries.",202
Which snail species were found in the study sites?,crop_diseases,general,highland,doc_dis_052,"Three species were identified: Lymnea natalensis, Bulinus globosus, and one other species (not named in the excerpt).",203
What sensory qualities should I look for in cooking bananas to meet consumer preferences?,general,general,highland,doc_gen_059,"Consumers prefer matooke with a high-intensity yellow color, evenly distributed yellow, good aroma, a highly moldable feel, and moist, smooth mouthfeel.",204
Which mangrove species is most abundant in early succession areas that I could look for to help my abandoned rice fields recover naturally?,climate_adaptation,general,sub_humid,doc_cli_047,"In early succession, Barringtonia racemosa is the most abundant mangrove species, with an Importance Value Index of 67.9.",205
How can I detect changes in land use and cover in the Richard Toll area?,general,general,semi_arid,doc_gen_060,Apply deep-learning models to analyze satellite images of the region for change detection.,206
What happened to crops when there were floods at the start of the season?,climate_adaptation,general,highland,doc_cli_048,"The floods caused farmers to lose property and crops, with water lodging damage to fields.",207
How can I choose a sorghum variety that has good genetic diversity for my farm in this sub-humid area?,general,sorghum,sub_humid,doc_gen_061,Pick varieties that come from different races and origins; African accessions contain most of the diversity (88.6 %) and can be identified using EST-SSR markers that show 360 distinct alleles.,208
What is a gross margin and how can it help me make more profit from my pigs?,livestock,livestock,sub_humid,doc_liv_044,"Gross margin is the difference between the revenue from selling pigs and the total cost of raising them, and it shows how profitable each unit of pig production is, helping you manage costs and income more effectively.",209
Can I use litterbags to measure nitrogen and phosphorus loss from my cocoa leaf litter?,fertiliser,general,sub_humid,doc_fer_023,"Yes, the study used 2 mm mesh litterbags to exclude macrofauna and open frames to allow macrofauna access, measuring nutrient loss over 388 days.",210
How much more sediment does a smallholder farm catchment produce compared to a tea-tree plantation in the Mau Forest area?,general,general,highland,doc_gen_062,"The smallholder agriculture-dominated catchment produced about 131.5 t km−2 yr−1, roughly three times the 42.0 t km−2 yr−1 of the tea-tree plantation.",211
What does IFPRI do to help farmers in Ethiopia and Tanzania?,general,general,sub_humid,doc_gen_064,IFPRI provides research-based policy solutions to sustainably reduce poverty and end hunger and malnutrition.,212
What does this special issue say about the changes in rice yields over the past 50 years?,climate_adaptation,general,highland,doc_cli_049,"It covers rice yield trends and yield gap analyses, showing that rice yields remain relatively low with large gaps.",213
How can I connect my orange-fleshed sweet potato (OFSP) farm with Urwibutso Enterprise for processing?,general,general,sub_humid,doc_gen_065,"Reach out to Urwibutso Enterprise in Nyirangarama, Rulindo District, as the company partners with the SUSTAIN project to link OFSP farmers for product manufacturing.",214
What are the main challenges of the seed yam value chain?,fertiliser,general,sub_humid,doc_fer_024,"The main challenges are quality, availability, accessibility, and affordability.",215
"How many livestock abortion alerts were received during the community call centre pilot in Isingiro District, Uganda?",crop_diseases,livestock,sub_humid,doc_dis_057,53 alerts were received reporting 423 livestock abortions.,216
How does the increasing variability of rainfall in my area affect the way I should manage water for my livestock?,water_management,livestock,semi_arid,doc_wat_024,"Variable rainfall can reduce the availability of pasture and water, so you should plan to conserve water, improve water storage, and adjust grazing patterns to avoid over-exploiting scarce water resources.",217
"How does fertilizer application affect sorghum yields on upslope, mid-slope, and foot-slope fields?",fertiliser,sorghum,semi_arid,doc_fer_027,"Yield response is linked to combinations of N, P, K, S, and Zn, and varies by field position (upslope, mid-slope, foot-slope).",218
When was the workshop on co-designing land restoration options in Makueni County held?,general,general,semi_arid,doc_gen_067,It was held on 27th October 2021.,219
How can I increase the market share of my improved rice?,general,general,sub_humid,doc_gen_068,Use exogenous information treatments-such as a video broadcast or radio transcript-about the benefits of your locally produced improved rice to raise its market share.,220
Can e-book readers help me get livestock information in my remote area?,livestock,livestock,highland,doc_liv_046,"Yes, the International Livestock Research Institute in Ethiopia has tested e-book readers for their practicality in rural areas.",221
How can I get pathogen-tested planting material for the released sweetpotato varieties?,crop_diseases,general,sub_humid,doc_dis_059,Pathogen-tested plants of four released varieties have been introduced to Ghana for comparison and confirmation. Use these tested plants for planting.,222
How can I test if my boiled potatoes are soft enough for market?,crop_diseases,general,sub_humid,doc_dis_060,Use a texture analyzer (TA-XT) to perform Texture Profile Analysis on 25 mm cubes steamed for 15 min; compare the results to the discriminant procedures developed by the RTBBreeding project.,223
Why did maize prices rise in Kenya and Uganda but fall in Tanzania in October-November?,livestock,general,sub_humid,doc_liv_047,"Prices changed partly because governments in each country intervened to control rising fuel costs, affecting supply and demand differently in each market.",224
How can I identify and use resistant coffee genotypes to reduce disease in my farm's hot spots?,crop_diseases,general,sub_humid,doc_dis_062,"Identify resistant genotypes through surveys and marker-based genetic studies, then plant those resistant varieties in the hot spot areas to reduce disease impact.",225
Where can I get soil testing done quickly and affordably?,fertiliser,general,highland,doc_fer_029,"The article mentions on-spot, easy and affordable soil testing for Kenyan smallholder farmers.",226
What kinds of climate smart tools are included in the training kit that I could use for my farm?,climate_adaptation,general,highland,doc_cli_056,"The kit includes a variety of science-based tools and processes to support climate smart approaches, but specific tools are not listed in the excerpt.",227
Is Aflasafe suitable for protecting my sorghum crops from aflatoxins?,general,sorghum,sub_humid,doc_gen_074,"The study is testing its suitability in sorghum, but results are not yet defined.",228
What is the role of actors that play brokerage functions in improving innovation capacity in livestock farming?,livestock,general,sub_humid,doc_liv_048,"They help navigate or dismantle policy and cultural barriers, reducing networking costs and boosting connectivity among actors.",229
Which yellow or orange banana and plantain varieties have the most carotenoids that I can grow for my family's nutrition?,crop_diseases,general,sub_humid,doc_dis_065,The CARBAP collection lists yellow- and orange-fleshed bananas and plantains with significant total carotenoids; use the colour-fan screening method to identify the highest-carotenoid accessions.,230
Does planting coffee under mature tree shade improve the yields on my farm?,general,general,sub_humid,doc_gen_076,"Yes, coffee yields are significantly higher under mature tree crowns compared to unshaded spots.",231
What cassava stem cutting and seed multiplication techniques did Radio IITA's outreach program share that could boost my farm's productivity?,general,cassava,sub_humid,doc_gen_077,The program taught innovative stem cutting methods and seed multiplication practices that significantly increased your cassava yield.,232
How can I tell if the food I need will be affordable for my household?,general,general,highland,doc_gen_078,Use the wages of unskilled workers as an inexpensive income proxy to gauge changes in food affordability.,233
How common are parasites in the cyprinodont fish species studied?,general,general,sub_humid,doc_gen_079,"Only 149 of 1019 fish (≈14.6 %) were infected, indicating very low parasite prevalence.",234
How can we help improve coordination between local agencies to better manage markets?,general,general,sub_humid,doc_gen_081,"Strengthen rule enforcement, reduce jurisdictional overlaps, and address capacity weaknesses so agencies work together effectively.",235
How much exogenous ABA was applied to the apple trees in the study?,general,general,semi_arid,doc_gen_082,"500 mg kg−1, applied twice.",236
How can I get support to plant trees like Faidherbia albida or Prosopis africana in my fields?,post_harvest,general,sub_humid,doc_pos_011,"Since 1996 the DPGT project subsidises the retention of every new tree planted in fields, so you can apply for that support to grow Faidherbia albida or Prosopis africana.",237
How can flooding affect transport and my ability to get my crops to market?,climate_adaptation,general,highland,doc_cli_064,"Flooding can damage transport infrastructure, disrupting food security and communication, and making it harder for farmers to move produce to market.",238
What do the recent trials predict about potato yield traits?,general,general,highland,doc_gen_084,The trials produced BLUPs predicting potato yield traits for clones at advanced and intermediate stages across Kenya's major potato-growing regions.,239
How many hectares of land in Tharaka Nithi County are used for food crops?,livestock,general,"highland, semi_arid",doc_liv_050,"Approximately 43,799 hectares are under food crops.",240
What types of water sources can I use for small-scale irrigation to increase my food production?,water_management,livestock,sub_humid,doc_wat_026,"You can use groundwater, rivers or streams, lowland/inland valley rice capture systems, or private small reservoirs and ponds for irrigation.",241
How can I use the Global Findex database to improve access to financial services for smallholders in my area?,general,general,semi_arid,doc_gen_087,"Use the Global Findex to track changes in financial service use over time and identify gaps in access for rural, poor, or women farmers, guiding targeted policy or business interventions.",242
How can I use the new fertilizer advisory to improve my crop yields while saving money?,fertiliser,general,highland,doc_fer_034,"Apply the 2020 landscape-based fertilizer advisory that gives site-specific recommendations, improving nutrient use efficiency, raising yields, and lowering costs.",243
How much land did Ethiopia pledge to restore as part of the Bonn Challenge?,general,general,highland,doc_gen_089,Ethiopia pledged to restore 22 million hectares.,244
What amount of potassium and phosphorus should I apply to ensure they are not limiting on my upland rice fields?,fertiliser,general,highland,doc_fer_036,Apply 40 kg K2O ha−1 and 40 kg P2O5 ha−1.,245
What is the ProSavana programme mentioned in the study?,general,general,sub_humid,doc_gen_091,ProSavana is a Brazilian-Japanese-Mozambican trilateral program focused on development trends in Mozambique.,246
How can the red ants in my area affect my farm's insect population or crop health?,general,general,sub_humid,doc_gen_092,They decimate local invertebrates and threaten the biological balance in the region.,247
What were the main goals of the sustainable land management interventions introduced in Geda watershed in 2012?,soil_health,livestock,highland,doc_soi_013,"They aimed to reduce soil erosion, improve water infiltration, and increase plant-carbon inputs into the soil.",248
What roles do women play in the vegetable market in Tamale?,climate_adaptation,general,semi_arid,doc_cli_066,"Women are known as market queens; they buy vegetables from farm gates and sell them in the market, while men usually do not sell.",249
How does aluminum toxicity affect sorghum growth?,fertiliser,sorghum,sub_humid,doc_fer_037,"It impairs root growth, strongly limiting crop yield.",250
What kind of drought relief should we focus on to protect our livestock in these drylands?,livestock,livestock,"highland, semi_arid",doc_liv_053,"Target relief directly at livestock, because pastoralists depend on them for basic needs; protecting livestock preserves economic and food security during drought.",251
What activities has the Living Lab for People (LL4P) carried out in Nandi County to support local innovation?,climate_adaptation,livestock,highland,doc_cli_067,"LL4P has formed an advisory board, set an innovation agenda, developed an assessment framework that selected 10 innovation cases, and conducted mental modeling workshops with fuzzy cognitive mapping.",252
Who usually owns the land that could be used for urban development in Enugu?,general,general,sub_humid,doc_gen_096,"Most of the land available for conversion is held by indigenous land-owning communities, governed by customary tenure.",253
How can irrigation help my farm in the Chinyanja Triangle?,water_management,general,sub_humid,doc_wat_027,"Irrigation can stabilize crop production during dry or flood periods, improving food security and livelihoods in this area.",254
How can shallow wells help improve my farm's productivity?,livestock,general,"highland, semi_arid",doc_liv_055,"Shallow wells are an untapped resource that can provide extra water, reducing the farm's reliance on the short, variable rainy season and mitigating soil water shortages.",255
Does using crossbred cattle with European genes make my cows more prone to infectious diseases?,crop_diseases,livestock,semi_arid,doc_dis_075,"Yes, European introgression can increase infectious disease susceptibility compared to indigenous breeds.",256
Can I mix a small amount of resistant bean varieties into my current mix to reduce angular leaf spot?,crop_diseases,beans,highland,doc_dis_077,"Yes, adding at least 25 % of resistant lines such as BAT76 or A285 to your existing mixture lowered angular leaf spot severity in most seasons.",257
In which countries is Coffee Wilt Disease (CWD) currently spreading?,crop_diseases,general,sub_humid,doc_dis_078,"CWD is spreading in the Democratic Republic of the Congo, while it is widespread in Uganda and Ethiopia and restricted in Tanzania.",258
What kind of texture should I look for in sweetpotatoes to make them more popular with consumers?,general,general,sub_humid,doc_gen_097,"Sweetpotato consumers prefer a firm texture; selecting varieties with higher firmness, as measured by instrumental texture tests, tends to increase consumer liking.",259
How common is yam mosaic disease on farms in Cameroon and how severe is it?,crop_diseases,general,sub_humid,doc_dis_081,"Symptoms were found on 81.5 % of farms, with incidence ranging from 0 % to 96.7 % and an overall mean of 26.5 %; symptom severity (scale 1-5) ranged from 2 to 4.1, averaging 2.6.",260
Is sorghum a good crop for my semi-arid farm that often experiences droughts?,climate_adaptation,sorghum,semi_arid,doc_cli_073,"Yes, sorghum is extremely drought tolerant and is an excellent choice for arid and dry areas.",261
What was the purpose of the groundnut workshops mentioned in the excerpt?,general,groundnuts,sub_humid,doc_gen_099,They were held to let stakeholders identify groundnut production issues and develop strategies to improve project workplans and ensure more sustainable outcomes.,262
How can the BMP of IGAD help me protect biodiversity in my farmland?,general,general,semi_arid,doc_gen_100,"The BMP promotes sustainable biodiversity conservation in the Tana-Kipini-Laga Badana Bushland and Seascape, supporting natural systems that farmers like you rely on.",263
When do market prices for my stored crops start to rise?,post_harvest,general,semi_arid,doc_pos_013,Prices increase significantly within six months of storage.,264
What were the measured estrogen levels in the wastewater ponds used for African catfish farming?,general,general,sub_humid,doc_gen_101,The study found mean 17-estradiol concentrations of 6.6 ng L−1 in the wastewater polishing pond (WWP) and 2.7 ng L−1 in the wastewater stabilization pond (WSP).,265
How well do the new wheat varieties perform in highland areas like ours?,general,general,highland,doc_gen_102,"They were evaluated for adaptability, performance, and yield stability over two years (2020/2021-2021/2022) in four districts of the East Gujjar Zone, showing good results.",266
How many meat outlets are there per area in Brazzaville compared to Kinshasa?,general,general,sub_humid,doc_gen_103,Brazzaville has more meat outlets per area sampled and per inhabitant than Kinshasa.,267
"How common are bacterial infections in guinea pigs, and which bacteria are most often involved?",crop_diseases,livestock,sub_humid,doc_dis_085,"About 39% of owners reported bacterial infections, commonly caused by Bordetella bronchiseptica and Streptococcus pneumoniae.",268
What improved post-harvest handling and storage techniques can help reduce losses?,post_harvest,maize,sub_humid,doc_pos_014,The study focuses on improved post-harvest handling and storage techniques to reduce food losses and improve farmer conditions.,269
"Should I use insecticides on potato crops, and do I need protective gear?",crop_diseases,general,highland,doc_dis_086,"In Rwanda and Burundi, insecticides are commonly used on potato, but most are moderately hazardous. Use protective gear, as less than half of farmers do, to reduce health risks.",270
How can I prevent dodder vines from spreading on my farm?,general,general,highland,doc_gen_105,"Stop deliberate or accidental seed/vine dispersal, eradicate existing dodder plants, and monitor for new arrivals.",271
How can I use the new climate information to make better decisions for my livestock?,climate_adaptation,livestock,highland,doc_cli_075,"Ask extension workers trained in CRMALE to help you access local weather data, analyze risks, and adapt livestock practices to suit current climate conditions.",272
How do I access the Climate and Agriculture Network for Africa (CANA) online?,climate_adaptation,general,highland,doc_cli_078,CANA is a web-based knowledge platform; you can visit it through its website to explore climate-smart agriculture resources.,273
What is bayoud and where has it first appeared in Mauritania?,crop_diseases,general,semi_arid,doc_dis_089,"Bayoud is a devastating disease of palm trees caused by the fungus Fusarium oxysporum albedinis, and it has appeared for the first time in Tagant, central Mauritania.",274
What should I select for when breeding my small ruminants in a community-based program?,livestock,livestock,highland,doc_liv_057,"Focus on improving the 6-month weight of the kids, and if you have enough feed and water, also select for higher twinning rates.",275
Which countries were represented at the FAO workshop on sustainable pastoral ecosystems?,climate_adaptation,general,semi_arid,doc_cli_081,"Participants came from Algeria, Jordan, Mauritania, Morocco, Saudi Arabia, Sudan, and Tunisia.",276
What opportunities are there to help farmers in Ethiopia address climate risks in their crops?,climate_adaptation,general,sub_humid,doc_cli_082,Investors can fund resilience projects that use adaptive strategies and innovative financial solutions to protect Ethiopia's agricultural value chains from climate risks.,277
Does using improved groundnut seeds help women farmers get higher yields?,general,groundnuts,sub_humid,doc_gen_108,"Yes, improved groundnut seeds increase yields for female plot managers, although they do not boost yields for male plot managers.",278
How can rodents damage my stored crops and what does the survey say about their presence in different storage practices?,post_harvest,general,sub_humid,doc_pos_015,"Rodents cause both pre- and post-harvest damage, and the survey found evidence of rodent access in every type of storage practice used in the studied villages.",279
How can I improve my cattle feeding to increase milk production in my area?,livestock,livestock,semi_arid,doc_liv_061,"Use the FEAST Feed Assessment Tool to evaluate and improve your feed supply, which has helped Kenyan farmers boost milk productivity.",280
What research methods were used in the study on sustainable agriculture in Ghana?,soil_health,general,sub_humid,doc_soi_015,"Key informant interviews, focus group discussions, and a semi-structured questionnaire administered to 300 households.",281
Will partnering with an inclusive business help my farm grow and get better market access?,general,general,semi_arid,doc_gen_109,"Yes, inclusive businesses partner smallholders with agribusinesses, embedding them into commercial value chains, which can enhance market access and support rural development.",282
What is ADCIN and what does it aim to do?,general,general,semi_arid,doc_gen_110,"ADCIN is the Africa Dryland Crops Improvement Network, a collaborative network launched in 2023 that brings together more than 17 countries and 200 scientists to accelerate genetic gain in dryland crops across sub-Saharan Africa.",283
Will using LED lights or spraying MeJA/MeSA help my strawberry plants grow better or produce sweeter fruit?,climate_adaptation,general,highland,doc_cli_086,"According to this study, LED lights and MeJA/MeSA treatments did not significantly change shoot growth, chlorophyll content, or fruit sugar levels.",284
How can I use Aflasafe to protect my maize and groundnut crops from aflatoxins?,climate_adaptation,general,sub_humid,doc_cli_087,"Apply Aflasafe products to your fields before planting; IITA's partners treated over 100,000 ha in 2017, enabling safe maize and groundnut production.",285
How can I avoid mycotoxin contamination in my maize after harvest?,post_harvest,general,highland,doc_pos_017,"Store maize properly to prevent fungal growth; keep it dry and clean to reduce aflatoxin risk, which can make large amounts of maize unfit for consumption.",286
What water harvesting schemes are being tried in northern Kenya?,climate_adaptation,general,semi_arid,doc_cli_088,Several new water harvesting schemes are being tried in northern Kenya.,287
Which Nguni crossbreed grows faster in a feedlot?,livestock,livestock,semi_arid,doc_liv_065,"The study does not specify that any crossbreed grows faster; live weight at entry was similar across Nguni, Landim, and crosses.",288
Pourquoi les semoirs à traction bovine à 2 rangs ne conviennent pas aux petits producteurs en Afrique de l'Ouest ?,general,general,semi_arid,doc_gen_112,"Ils ne répondent pas aux attentes car les densités de semis et les doses d'engrais sont irrégulières, et leur maniabilité est insuffisante.",289
How does the Nigeria SAM break down domestic production?,general,general,sub_humid,doc_gen_113,It separates domestic production into 42 activities.,290
How many pigs are in Uganda today?,livestock,general,sub_humid,doc_liv_066,"Uganda has between 0.19 and 2.3 million pigs, with numbers rising over the last 30 years.",291
How many improved rice varieties were tested in the Ghana study?,crop_diseases,general,semi_arid,doc_dis_095,Thirteen improved rice varieties were tested in the field experiments.,292
How much yield improvement can I expect from the improved maize variety under drought conditions?,climate_adaptation,maize,sub_humid,doc_cli_089,The improved variety can yield about 423 kg per hectare per cycle under drought stress.,293
"Which rice varieties are best for upland, high-land areas?",fertiliser,general,highland,doc_fer_041,"NERICA varieties, developed for both irrigated/lowland and upland systems, along with other high-yielding upland rice varieties, are best suited for high-land production.",294
How can I get a loan if I don't have collateral?,climate_adaptation,general,semi_arid,doc_cli_090,"You can access tailored microfinance through partners like Zambuko Trust or join upgraded ISALs turned into SACCOs, both designed to help farmers without collateral.",295
How can I identify health and productivity constraints on my pig farm?,livestock,livestock,sub_humid,doc_liv_067,"Use a holistic Veterinary Herd Health Management approach to spot likely pathogens, recognise herd‐level constraints, and calculate growth, mortality and reproduction figures.",296
Will the new maize varieties from Pioneer Hi-bred help protect my fields from grey leaf spot and give me good yields?,crop_diseases,maize,sub_humid,doc_dis_097,"Yes, the new varieties are designed to fight grey leaf spot and have been shown to yield 9-11 t/ha.",297
Why are wheat prices high in Kenya?,general,general,semi_arid,doc_gen_115,"Wheat shortages caused by supply disruptions from the Russia-Ukraine conflict have driven price hikes, especially affecting urban consumers.",298
When should I harvest orange maize for the best quality in my sub-humid area?,fertiliser,maize,sub_humid,doc_fer_042,"Harvest at 27 days after planting, when peak viscosity and water absorption are highest.",299
Do the bean varieties NUA35 and NUA56 contain more iron and zinc in their seeds than the commercial variety CAL96?,general,beans,sub_humid,doc_gen_116,"They were selected from a population for high seed mineral content and tested alongside CAL96, but specific iron and zinc levels are not provided in this excerpt.",300
How can I find current local prices for my produce in my area?,general,general,semi_arid,doc_gen_117,"Use the subnational price survey data set, which provides ongoing local price estimates via machine learning.",301
Is there a lot of genetic diversity in Ethiopian durum wheat that could help improve my wheat varieties?,general,general,highland,doc_gen_118,"Yes, the study shows that Ethiopian durum wheat landraces contain high genetic diversity, providing potential for breeding improved varieties.",302
How can smallholder pastoralists in Somalia reduce their vulnerability and improve market access for livestock?,livestock,livestock,semi_arid,doc_liv_068,"By strengthening the use of indigenous knowledge and engaging industry and government to improve marketing and safety of livestock products, as outlined in the project's objectives.",303
What proportion of farmers grow cassava in Uganda?,general,cassava,sub_humid,doc_gen_120,About 60% of farmers grow cassava.,304
How does the Early Warning and Rapid Response System for Pests and Diseases help farmers in Ghana?,pests,general,sub_humid,doc_pes_014,It led the development of a risk reporting tool that helps farmers identify and respond to pest and disease threats.,305
What is the goal of the Sustainable Intensification of Mixed Farming Systems Initiative?,livestock,general,highland,doc_liv_070,"It aims to give equitable, transformative pathways for better livelihoods of actors in mixed farming systems by promoting sustainable intensification in the target agroecologies and socio-economic settings.",306
Do rural communities in Zambia receive direct incentives from forest management?,general,general,sub_humid,doc_gen_124,"Yes, rural communities obtain direct incentives from forest management.",307
Does using insecticide-impregnated Agronet nets help reduce cabbage diseases?,crop_diseases,general,highland,doc_dis_104,"The study documented disease incidence and severity levels on cabbage grown under insecticide-impregnated Agronets, showing that these nets are used to manage insect pests and microclimate, but specific disease-reduction results are not detailed.",308
What are CSAIPs and how can they help me with my farm?,climate_adaptation,general,semi_arid,doc_cli_096,"CSAIPs are Climate-Smart Agriculture Investment Plans that help countries decide where to invest in resilient food systems, prioritise high-impact areas, and align actions with national climate goals.",309
"What was the main focus of the workshop held in Mansa, Luapula Province on April 28, 2022?",livestock,livestock,sub_humid,doc_liv_071,"The workshop focused on aquaculture, especially issues related to financing for smallholder farmers and small- and medium-scale enterprises in the face of climate challenges.",310
How does treating the head of a gully reduce the sediment that falls into reservoirs?,soil_health,general,"highland, sub_humid",doc_soi_018,"Treating the gully head helps reduce sediment loads, preventing downstream reservoirs from losing storage capacity due to sedimentation.",311
Will the SLM program help improve water availability for my farm?,general,general,highland,doc_gen_127,"The study looks at SLM's impact on water security, so it is expected to improve water availability for farmers in the watershed.",312
At what age should I harvest my OFSP to get the best yield and beta-carotene?,post_harvest,general,semi_arid,doc_pos_018,"Harvest the sweet potato at 120, 150, 180, or 210 days after planting - the study compared these stages to find the optimal time for yield and nutrition.",313
Does the study show that there is genetic diversity among rice varieties we can use for breeding?,general,general,sub_humid,doc_gen_130,"Yes, the genotypes differ significantly, indicating an adequate genetic variability.",314
What are the two main types of technologies that are debated as best for smallholder farmers in Africa?,climate_adaptation,maize,sub_humid,doc_cli_098,Natural resource management (NRM) technologies and input intensification with a stronger role of the private sector.,315
Did any of the pigs in my low-input free-range herd show African swine fever during this study period?,crop_diseases,livestock,sub_humid,doc_dis_108,"No recorded outbreak of clinical ASF was reported, and the 276 blood samples tested were negative for ASFV.",316
How does using mineral fertilizer and organic inputs with an improved cassava variety help my farm?,fertiliser,cassava,highland,doc_fer_046,"It lets you identify nutrient limits, see how the variety and inputs affect growth and yield, and evaluate the profitability of the improved variety and fertilizer use.",317
Which processing methods are used to make the local cake Yaabande from Ziziphus mauritiana fruit?,post_harvest,general,sub_humid,doc_pos_019,"Yaabande is made by three baking techniques: sun drying, steam baking and stifle baking.",318
How much more maize can I produce if I plant the drought-tolerant variety compared to the regular improved maize?,climate_adaptation,maize,semi_arid,doc_cli_099,"Drought-tolerant maize gives about 680 kg/ha versus 436 kg/ha for non-DT varieties, roughly 244 kg/ha more yield.",319
At what ripening stage can I cook and eat the new biofortified vitamin A banana/plantain?,fertiliser,general,sub_humid,doc_fer_049,"You can cook and consume it at any ripening stage, as it is a cooking-type variety.",320
Does Rwanda have a national livestock master plan?,livestock,livestock,sub_humid,doc_liv_073,"Yes, Rwanda has a Livestock Master Plan that guides livestock investment and policy.",321
How can I know if a boiled yam will be crumbly?,general,general,sub_humid,doc_gen_131,Crumbly texture depends on the yam variety and is linked to hardness measured by a penetration test; new texture parameters and dynamic rheology analyses are also used to identify the traits that represent or correlate with crumbliness.,322
How many different sowing windows were tested in the experiment?,general,maize,sub_humid,doc_gen_132,"Six sowing windows, each a week apart, were used.",323
What useful traits do the yam landraces in the DRC have for farming?,general,general,sub_humid,doc_gen_133,"They show stress resilience and good food quality, which can be used in breeding programs.",324
What is the PPCR program in Mozambique?,climate_adaptation,general,sub_humid,doc_cli_100,"Mozambique is part of the Pilot Program for Climate Resilience, a flagship project of the Climate Investment Funds managed by the World Bank and other Multilateral Development Banks.",325
What level of 6-benzylaminopurine (BAP) gives the best shoot induction in taro micropropagation?,general,general,highland,doc_gen_134,The highest shoot induction in both Purple Wild and Dasheen taro varieties was achieved when Murashige & Skoog media was supplemented with 2 mg/L BAP.,326
What is AICCRA and who runs it?,climate_adaptation,general,semi_arid,doc_cli_101,"AICCRA is a project that helps deliver a climate-smart African future driven by science and innovation in agriculture, led by the Alliance of Bioversity International and CIAT and supported by a grant from the International Development Association (IDA).",327
How much is the average farmer willing to pay for the preferred CBPP vaccine and vaccination in Narok District?,livestock,livestock,semi_arid,doc_liv_074,The average farmer is willing to pay about KSh 212.48 (USD 3.03) for the preferred CBPP vaccine and vaccination.,328
Which gene is linked to sheep's ability to adapt to high altitude in the Himalayan region?,livestock,livestock,highland,doc_liv_075,The FGF-7 (Keratinocyte growth factor-7) gene.,329
How many watersheds were delineated in the study?,general,general,highland,doc_gen_136,The study delineated 76 watersheds.,330
How many farmers will benefit from the new fertilizer advisory system?,fertiliser,general,semi_arid,doc_fer_050,"Over 15,000 farmers.",331
What is a sustainable way to control East Coast fever in my cattle?,crop_diseases,livestock,semi_arid,doc_dis_115,"Use the infection and treatment method (ITM) immunisation, which is increasingly employed for control.",332
¿Qué herramientas necesitan los agricultores en el Sahel para adaptarse a los cambios climáticos?,climate_adaptation,general,semi_arid,doc_cli_103,Los agricultores necesitan nuevas herramientas que les ayuden a adaptarse al clima en su propio entorno.,333
How can I get high-resolution land surface temperature data for my farm?,general,general,"semi_arid, sub_humid",doc_gen_139,"You can downscale LST to 10 m resolution using methods like Thermal Sharpening (TsHARP), Thin Plate Spline (TPS), or Random Forest (RF).",334
How can I help with water quality monitoring in my community?,general,general,semi_arid,doc_gen_140,"Join local stakeholder groups or work with extension workers and NGOs to share observations and data on water quality, as this participation is encouraged by policies.",335
How can I choose the right sorghum and bean varieties to cope with the climate changes in my semi-arid area?,climate_adaptation,general,"semi_arid, sub_humid",doc_cli_105,"Use data-driven, decentralized breeding that tests many locally adapted varieties, captures G × E interactions, and includes your preferences for climate-smart choices.",336
What is the purpose of the Dairy Development Forum in Tanzania?,livestock,livestock,highland,doc_liv_078,It is an informal forum established in 2013 to facilitate policy dialogue and catalyse inclusive and sustainable innovation in the smallholder dairy value chain.,337
Which insecticide can I use to control cowpea thrips and Maruca bugs?,pests,general,sub_humid,doc_pes_016,New insecticide combinations control thrips as effectively as Monocrophos and also significantly reduce Maruca vitrata populations.,338
What actions did Nile Breweries take to improve the resilience of sorghum farmers in Uganda?,climate_adaptation,general,sub_humid,doc_cli_107,"Nile Breweries used the CCAFS Guide to assess climate resilience, partnered with TechnoSer, and focused on local sourcing and sustainability commitments to strengthen sorghum supply chains.",339
How can a rural community get electricity without being connected to the main grid?,general,general,sub_humid,doc_gen_143,"Rural areas can use community-based small systems like those in Kisiizi or Mvara, or diesel generators set up by UEB, as interim solutions while awaiting grid connection.",340
Will the ISRIZ09 aromatic hybrid rice give me a high yield while still being aromatic?,general,general,sub_humid,doc_gen_144,"Yes, ISRIZ09 combines aroma with high yield potential and was released for use in Senegal in 2017.",341
How will rising temperatures affect the tsetse fly population in my area?,crop_diseases,livestock,semi_arid,doc_dis_120,"Increasing temperatures may reduce tsetse abundance, as shown by the decline in the Mana Pools site between 1990 and 2017.",342
Is the irrigation water suitable for maize because of its salinity and pH?,fertiliser,maize,sub_humid,doc_fer_053,"Yes, the irrigation water is non-saline (EC <0.2 dS m−1) and has a normal pH of 6.5-7.5, which is suitable for maize.",343
How can I get up-to-date market and price information for my products?,general,general,sub_humid,doc_gen_145,"Visit the community telecentre in Nakaseke, where a CD-ROM with market and price information is available.",344
How likely is it that I will receive infected day-old chicks when I import them legally in Ethiopia?,crop_diseases,general,highland,doc_dis_121,The annual probability of importing at least one infected DOC is 23% (90% CI: 0.4%-96%) and an infection is expected roughly every 3.8 years under current conditions.,345
How many farmers in Kenya grow potatoes?,climate_adaptation,general,sub_humid,doc_cli_111,"About 800,000 farmers grow potatoes in Kenya.",346
Will improving feed quality increase WAD goat weight and reproduction?,livestock,livestock,sub_humid,doc_liv_086,"Yes, the model shows that higher feed quality significantly influences weight development and reproductive performance in WAD goats.",347
When should I apply chemicals to control Desert Locusts?,general,general,semi_arid,doc_gen_147,Use the model that predicts locust phase with only a 6.1% error; apply chemicals when the model indicates a high risk phase.,348
How many households were interviewed in Basona Worena?,livestock,general,highland,doc_liv_087,114 households were interviewed in Basona Worena.,349
What is the main goal of the Feed the Future Innovation Lab for Small-Scale Irrigation (ILSSI) project mentioned in the document?,livestock,general,highland,doc_liv_089,"The ILSSI project aims to improve the effective use of scarce water supplies by implementing small-scale irrigation interventions for Ethiopian, Ghanaian, and Tanzanian farmers.",350
What causes farmers to avoid growing potatoes during the main season in Shashemene?,crop_diseases,general,semi_arid,doc_dis_123,Late blight and bacterial wilt are the main reasons farmers skip potato crops in the main growing season.,351
What was the focus of the Gender Research Fellowship Programme that took place from 2013 to 2014?,general,general,sub_humid,doc_gen_009,"It focused on gender-responsive participatory methods to examine tree and forest management processes and forest-based livelihoods, integrating gender considerations into forest genetic resource projects.",352
How much fertilizer can be saved by planting forages in our area?,fertiliser,general,"highland, semi_arid, sub_humid",doc_fer_007,"The assessment shows that planting forages can reduce the amount of fertilizer you need to use, indicating potential savings in fertilizer costs.",353
How are multi-stakeholder forums (MSFs) organized for land-use change discussions?,climate_adaptation,general,highland,doc_cli_029,"MSFs are interactive processes that bring together a range of stakeholders to participate in dialogue, decision-making and/or implementation regarding actions addressing a common problem or goal.",354
What is the purpose of the AICCRA project mentioned in the guide?,climate_adaptation,general,"semi_arid, sub_humid",doc_cli_034,"AICCRA delivers climate-smart solutions for Africa, driven by science and innovation in agriculture.",355
How can I start using alternate wetting and drying in my rice fields?,climate_adaptation,general,"highland, semi_arid",doc_cli_039,"Join a participatory demonstration project, where local experts will show how to alternate wetting and drying and harvest tailwater.",356
What causes fish diseases and mortality in Ghanaian aquaculture and how can they be reduced?,crop_diseases,livestock,sub_humid,doc_dis_054,"Fish diseases and mortality are major challenges in Ghanaian aquaculture, often linked to poor strain and broodstock development, low productivity, and inadequate management practices. Improving broodstock quality, adopting better husbandry practices, and ensuring proper maintenance of cages can help reduce these problems.",357
Do I need to use ethephon stimulation on my IRCA130 rubber trees to increase latex yield?,fertiliser,general,sub_humid,doc_fer_028,"No, for IRCA130 high-yielding clones with low sugar and high inorganic phosphorus content, ethephon stimulation is not necessary to improve yield.",358
Which type of weather data should I use to help improve my farm's productivity?,climate_adaptation,general,highland,doc_cli_060,Field-scale weather data is preferred by researchers and is most useful for local crop management.,359
What does the CGIAR Research Program on Dryland Systems aim to achieve for dryland communities?,fertiliser,general,"highland, semi_arid",doc_fer_039,It aims to improve the lives of 1.6 billion people and mitigate land and resource degradation in 3 billion hectares across the world's dry areas.,360
How much soil loss can I expect if I use the recommended land management practices?,soil_health,general,highland,doc_soi_014,"Using these practices reduces soil loss to about 0.5 t ha−1 yr−1, far below the tolerable rate of 10 t ha−1 yr−1.",361
How many participants attended the workshop in Goma?,climate_adaptation,general,sub_humid,doc_cli_071,49 participants attended the workshop.,362
What was the main goal of the IBLI feasibility study in the Somali and Afar regions?,livestock,general,"semi_arid, sub_humid",doc_liv_016,The study aimed to assess the feasibility and scalability of Index Based Livestock Insurance (IBLI) in those regions.,363
What is the purpose of the post-investment report on climate-smart financing solutions in Kenya's sorghum value chain?,climate_adaptation,general,"semi_arid, sub_humid",doc_cli_020,It aims to disseminate interim research on scaling climate services and climate-smart agriculture in Africa to stimulate feedback from the scientific community.,364
How many countries were included in the latest Afrobarometer round?,general,general,sub_humid,doc_gen_017,"The latest round (Round 9, 2021-2023) covered 39 countries.",365
Which cassava varieties in the Set3 trial showed good disease resistance in the Warri sub-humid agro-zone?,crop_diseases,cassava,sub_humid,doc_dis_040,"The excerpt does not specify which of the 15 clones showed disease resistance, so this cannot be determined from the provided text.",366
Can the attenuated strains of Ehrlichia ruminantium be used as a vaccine for ruminants?,crop_diseases,general,semi_arid,doc_dis_041,"Yes, the attenuated strains induce limited clinical signs and provide strong protection against a homologous challenge.",367
Are the plantain varieties Essong and Big Ebanga resistant to the nematode Radopholus similis?,general,general,sub_humid,doc_gen_063,The sensitivity of Essong and Big Ebanga to R. similis is unknown.,368
Which life stage of Augosoma centaurus is more commonly eaten in Eastern Cameroon?,pests,general,sub_humid,doc_pes_009,About 65% of consumers prefer the adult stage over the larvae.,369
"What are some successful ways to improve pig farmers' access to services, inputs, and markets in Uganda?",livestock,general,"highland, semi_arid",doc_liv_051,"The excerpt does not give specific strategies, so SKIP",370
Can growing house crickets help provide zinc for children's diets?,fertiliser,general,semi_arid,doc_fer_004,"Yes, house crickets are a rich source of zinc and consuming them could be an effective public health measure to combat zinc deficiency.",371
What is an Innovation Platform?,fertiliser,general,sub_humid,doc_fer_010,"It is a tool for building innovation capacity, helping smallholder producers adapt to complex, uncertain environments.",372
How does the new innovation assess post-harvest losses in the tomato supply chain?,fertiliser,general,sub_humid,doc_fer_016,"It uses a framework that identifies practices and underlying causes at each supply-chain stage, based on literature search and deductive logic.",373
Are non-indigenes allowed to hold public office in their state?,general,general,sub_humid,doc_gen_051,"No, most Nigerians believe only indigenes of a state should be eligible for election into public offices within that state.",374
How might the projected climate change from 2005 to 2050 affect cotton and rice production in highland areas like North Cameroon or Madagascar?,climate_adaptation,general,highland,doc_cli_042,The study predicts that climate change in this period could have a positive influence on cotton and rice production in those regions.,375
Why were only four value chain commodities chosen for the climate risk profile in Makueni County?,livestock,general,semi_arid,doc_liv_041,"The four major value chain commodities were selected based on their contribution to food security, productivity characteristics, and economic importance, as confirmed by local stakeholders.",376
What can be done to improve learning outcomes for my farm?,general,general,highland,doc_gen_093,Addressing the critical bottlenecks that block a country's ability to deliver learning outcomes can have a large impact on improving those outcomes.,377
How many farmers were interviewed in the study to understand their perceptions of climate change in the Lower Gweru area?,climate_adaptation,livestock,semi_arid,doc_cli_072,60 farmers were interviewed.,378
When can I watch the Munda Makeover Series episodes and in what languages are they available?,climate_adaptation,general,sub_humid,doc_cli_074,Episodes air Sunday at 5:30 pm in English and on Tuesday and Thursday at 4:30 pm in Bemba and Nyanja.,379
What diseases are the new maize varieties resistant to?,crop_diseases,maize,sub_humid,doc_dis_083,They are resistant to Striga and stem borers.,380
Does sweetpotato weevil resistance show good heritability in this study?,pests,general,sub_humid,doc_pes_011,"Yes, significant GCA and SCA effects were observed for weevil resistance, indicating that the trait is heritable.",381
"Do white and brown tef grains differ in their phenolic content, and how might this affect my crop selection?",post_harvest,general,highland,doc_pos_012,"White and brown tef cultivars are classified by color and may differ in phenolic content; brown varieties tend to have higher phenolic concentrations, especially in the bran, which can influence health benefits when consumed.",382
How many households were surveyed in the group that received both Participatory Integrated Climate Services for Agriculture (PICSA) and Radio Listener Clubs (RLC)?,climate_adaptation,general,sub_humid,doc_cli_080,182 households were surveyed in the PICSA + RLC group.,383
What is mainly responsible for most dairy-related diseases in humans?,livestock,general,"highland, sub_humid",doc_liv_059,Contaminated milk is responsible for up to 90% of all dairy-related diseases of humans.,384
Which of the top ten global agricultural commodities by value are animal source foods?,livestock,general,sub_humid,doc_liv_060,"Milk, whole fresh cow and eggs, hen, in shell are among the top ten.",385
How can restoring degraded land help my farm?,climate_adaptation,general,semi_arid,doc_cli_085,"It can return the land to effective tree, crop and livestock production, boosting profitability and resilience against food insecurity.",386
What planting time should I choose for maize in my semi-arid area to cope with unpredictable rainfall?,climate_adaptation,maize,semi_arid,doc_cli_094,"The study looked at how CSA practices perform at different planting windows, but it does not give a specific recommended planting date.",387
Why is agroforestry considered important for farm resilience?,crop_diseases,general,highland,doc_dis_100,"Agroforestry diversifies the agroecosystem at plot to landscape levels, which research shows strengthens social-ecological resilience by providing socio-economic, agronomic and environmental benefits.",388
"How much rainwater do the young secondary forest and the semi-mature forest in Madagascar intercept, and does this affect the water available for nearby farms?",general,general,highland,doc_gen_121,"The study compares measured and modeled canopy interception losses from a young secondary forest and a semi-mature forest in lower montane Madagascar, but specific interception amounts or effects on farm water availability are not provided in the excerpt.",389
When did locusts first invade the Central Highlands of Madagascar?,general,general,highland,doc_gen_123,They had already caused damage before the government's July 1997 appeal for assistance.,390
What was the purpose of the cassava trial conducted in Malam Madori during the 1999/2000 breeding season?,crop_diseases,cassava,sub_humid,doc_dis_103,"The trial aimed to assess 16 cassava clones for poundability, high yield, high dry matter, and disease resistance.",391
Which yam clones from the assessment showed good disease resistance and high yields for potential release?,crop_diseases,general,sub_humid,doc_dis_110,The assessment identified several yam clones with both good disease resistance and high yields that can be released for a national program.,392
What is the name of the project that aims to improve food security through sweetpotato in Kenya?,fertiliser,general,highland,doc_fer_054,It is called the Sweetpotato Action for Security and Health in Africa (SASHA).,393
Why is brucellosis more common among nomadic pastoralists and their livestock?,crop_diseases,livestock,semi_arid,doc_dis_126,Because the seroprevalence among nomadic pastoralists and their livestock is over ten times higher than among non-pastoralist farmers and their livestock in Kenya.,394
What are researchers studying to help improve food security in agroforestry parklands?,general,general,semi_arid,doc_gen_148,"They are examining how agricultural landscape diversity-especially tree cover-affects food availability and access, using millet yield as a proxy for food security.",395
"How can I use new soil, water, and agronomy technologies to improve my crop yield?",climate_adaptation,general,semi_arid,doc_cli_113,"Adopting the innovative soil, water, and agronomy technologies developed by ICARDA will help increase yields and farmer incomes.",396
How does the timing of planting beans affect the yield of the crop?,general,beans,sub_humid,doc_gen_149,"Planting time can significantly influence bean grain productivity, so choosing the right sowing period helps achieve better yields.",397
What climate hazards are affecting smallholder farmers in Kenya?,climate_adaptation,general,semi_arid,doc_cli_114,"Smallholder farmers in Kenya face droughts, floods, and high temperatures.",398
How can I confirm if the grass on my farm is Guinea grass so I can decide if it needs controlling?,livestock,general,sub_humid,doc_liv_090,"Look for the native African grass species from the Poaceae family known as Guinea grass, especially if it has been introduced elsewhere; proper taxonomic identification is required, so consult a local extension service or a professional to verify its identity.",399
How many does should I keep in the community-based breeding program (CBBP) nucleus for optimal genetic gain?,climate_adaptation,livestock,highland,doc_cli_115,The study recommends 577 does in the CBBP nucleus.,400
How much rainfall can I expect in the highlands during the rainy season?,climate_adaptation,general,highland,doc_cli_116,"In the highlands, the mean annual rainfall can reach up to 3,000 mm.",401
What are the main challenges that make it hard to get improved seed varieties?,livestock,general,sub_humid,doc_liv_091,Poor understanding of seed systems and gaps in access to agricultural inputs.,402
Can I replace maize with locally grown sorghum in broiler feed?,livestock,general,semi_arid,doc_liv_092,"Yes, studies show that diets using locally produced, non-tannin sorghum can be used in place of maize for broiler chickens.",403
How was water deficit detected in the Prakasam district during the study?,climate_adaptation,general,semi_arid,doc_cli_117,By combining Standard Precipitation Index (SPI) and Normalized Difference Vegetation Index (NDVI) indicators.,404
What tick species is responsible for spreading Babesia bovis to cattle in my area?,crop_diseases,livestock,semi_arid,doc_dis_132,"The tick vector is Rhipicephalus microplus, which transmits Babesia bovis to cattle.",405
How does having secure land tenure affect my farming productivity?,climate_adaptation,general,semi_arid,doc_cli_118,Tenure security is linked to agricultural land reforms and food production.,406
How can insurance help me adopt climate-resilient farming practices?,climate_adaptation,general,semi_arid,doc_cli_119,Insurance can be bundled with credit into products that promote and support the uptake and intensification of climate-resilient agricultural practices.,407
What is Integrated Soil Fertility Management (ISFM) and how can it help my maize farm?,fertiliser,maize,sub_humid,doc_fer_057,"ISFM combines organic residues with mineral fertilizers to improve soil fertility, reduce input limits, and close yield gaps, boosting productivity and sustaining soil health.",408
What was the main goal of the BRAS-PAR project?,climate_adaptation,livestock,semi_arid,doc_cli_120,"The BRAS-PAR project aimed to develop up-scalable, climate-smart agriculture innovations that integrate tree, crop, and livestock systems, improving farmer perceptions, adoption barriers, and gender and social differentiation.",409
What proportion of Kenya's livestock is found in the dryland areas?,livestock,general,semi_arid,doc_liv_094,About 60% of the nation's livestock is located in Kenya's drylands.,410
Which resistance gene is most durable against soybean rust?,crop_diseases,general,highland,doc_dis_134,Rpp2 is the most durable gene; 96% of tested isolates caused only light reddish-brown lesions on it.,411
How can I get legal advice about my land rights from my phone?,livestock,general,sub_humid,doc_liv_095,Send a text to the Lawyers 4 Farmers SMS service; it replies in your local language for less than €1.,412
"What is the risk of chlamydia in goats at the wildlife interface areas in south-eastern lowveld, Zimbabwe?",livestock,livestock,semi_arid,doc_liv_097,"About 22% of goats tested had chlamydia antibodies; goats at porous interfaces are ~3× more likely, and those at non-porous interfaces ~6× more likely to be infected.",413
Does planting shade trees help lower coffee berry disease in my sub-humid farm?,crop_diseases,general,sub_humid,doc_dis_138,The study found that shade did not consistently reduce disease and sometimes increased its incidence.,414
How much of Eswatini's agricultural GDP is invested in agricultural research?,livestock,general,sub_humid,doc_liv_098,Eswatini invests 0.70 percent of its agricultural GDP in research.,415
How can I use motorcycle taxis to transport my farm produce in rural Kenya?,general,general,sub_humid,doc_gen_156,"Motorcycle taxis are popular and important for rural travel in Kenya, so you can use them to move produce, but be aware that the sector still needs improvements in management.",416
How can I locate the temporary ponds that breed the mosquitoes responsible for Rift Valley Fever in my area?,crop_diseases,general,semi_arid,doc_dis_140,Use a 2.4 m resolution Quickbird satellite image and apply object-based image-processing techniques to detect and characterize temporary ponds.,417
How can nature-based solutions help improve my livestock herding practices?,climate_adaptation,livestock,semi_arid,doc_cli_125,"They combat land degradation and support climate adaptation, making livestock herding more sustainable for rural communities.",418
What are the main reasons for the decline in soil fertility in semi-arid southern Africa?,livestock,livestock,semi_arid,doc_liv_099,"Soil fertility is declining because traditional fallow periods have been shortened by population pressure, traditional systems are breaking down, and government support for mineral fertilizer (subsidies, distribution) has collapsed.",419
What is the threat magnitude level for climate change affecting Acacia senegal in Burkina Faso?,climate_adaptation,general,semi_arid,doc_cli_126,The excerpt does not specify the exact threat magnitude level for climate change on Acacia senegal; it only lists the threat categories and the scale used.,420
What maize-to-cowpea or groundnut ratios work best for strip-cropping in my northern Ghana farm?,fertiliser,general,sub_humid,doc_fer_060,Use a 2:2 or 2:4 ratio of maize to cowpea or groundnut for improved productivity.,421
What makes the STICS model suitable for studying the effect of organic matter residues on sugarcane growth?,general,general,semi_arid,doc_gen_160,STICS is calibrated for sugarcane and is designed to assess species associations and the agrosystem's response to organic matter residue supply.,422
By what percentage did cereal production increase in 1998 compared to 1997?,climate_adaptation,general,semi_arid,doc_cli_127,It was 31% higher than in 1997.,423
Where can I grow irrigated rice in Senegal?,water_management,general,semi_arid,doc_wat_037,In the Senegal River valley in the North/East.,424
Will sorghum be well accepted in markets if it is prepared in a culturally sensitive way?,general,sorghum,semi_arid,doc_gen_165,"Yes, when prepared in culturally sensitive ways, Smart Foods made of sorghum excite consumers and are significantly more nutritious.",425
How much can I expect my wheat yield to increase if I use this decision support tool?,climate_adaptation,general,highland,doc_cli_129,Using the tool can raise wheat yields by about 14 % to 20 %.,426
What is the Arid Lands Information Network (ALIN) and who does it mainly serve?,general,general,semi_arid,doc_gen_166,"ALIN is a British NGO based in Dakar, Senegal, that supports field workers, project managers, group leaders, and local government officials.",427
Does this insurance-linked credit model require farmers to pay an insurance premium before borrowing?,climate_adaptation,general,semi_arid,doc_cli_130,"Yes, borrowers pay an insurance premium that transfers drought risk to the lender, enabling the insurer to repay the loan if a drought occurs.",428
What can small farmers do if the government is unable to provide needed public goods and services?,general,general,sub_humid,doc_gen_167,"They can try local informal initiatives that provide services, though these may have limitations and sometimes face opposition from the state.",429
How can I better prepare my farm for droughts in this region?,climate_adaptation,general,semi_arid,doc_cli_131,"Build preparedness by planning proactive responses, not just reacting. Improve early-warning systems to include drought forecasting so you can act before a crisis hits.",430
Can we produce our own budded rubber planting material on our smallholdings?,general,general,sub_humid,doc_gen_169,"Yes, the study suggests that Cameroonian smallholders could produce their own budded planting material, which would improve future productivity and incomes.",431
How have recent changes in river basin management affected farmers and the local environment?,general,general,sub_humid,doc_gen_170,Recent changes in both basins are still continuing and are analysed in terms of outcomes for the people in the basins and for ecosystems.,432
Which part of my farm's activities is the biggest contributor to greenhouse gas emissions in Kenya's food system?,climate_adaptation,general,highland,doc_cli_132,"Enteric fermentation from livestock is the largest source, responsible for about 56 % of total food-system emissions.",433
What is the difference in pay between local and international aid workers in Malawi compared to Uganda?,general,general,sub_humid,doc_gen_173,"In Malawi, local workers earn about one quarter of international workers' wages (ratio 4.04:1), whereas in Uganda the gap is smaller, about 1.97:1.",434
How is Ethiopia's agricultural extension programme being used to promote both economic growth and political goals?,general,general,highland,doc_gen_174,"It is the largest and fastest-growing in Africa, heavily funded to boost smallholder productivity while also helping the government expand its reach and win elections, though the dual focus can lower the returns on the investment.",435
Does living near forests help women in my community eat more varied foods and reduce anemia?,general,general,sub_humid,doc_gen_175,"Yes, women in forest-based villages had higher dietary diversity and better diet quality, which is linked to lower anemia rates.",436
How can I increase my potato yield in a semi-arid area?,crop_diseases,general,semi_arid,doc_dis_150,"Use newly selected late blight-resistant clones, which have raised yields by over 100 % and are expected to boost yield by another >40 % by 2022.",437
What is the range of the percentage of children who are under-weight in the countries studied?,general,general,sub_humid,doc_gen_177,The percentage of under-weight children varied from 16 % in Zimbabwe to 36 % in Nigeria.,438
How can I reduce enteric methane emissions from my adult cattle in Yabello?,livestock,livestock,highland,doc_liv_103,"Use lower-weight cattle, avoid draught work, and feed them highly digestible rations (≈65% DE) to achieve lower methane emission factors.",439
How can I help control brucellosis in my cattle?,crop_diseases,livestock,semi_arid,doc_dis_152,"Since long-term government commitment and reliable data are missing, the best you can do is support local sampling and reporting efforts that feed into national risk maps, helping shape future control plans.",440
"How did banana prices change in June compared to May, and how does this compare to previous years?",general,general,sub_humid,doc_gen_178,"Banana prices dropped sharply in June compared to May, but the June price remained similar to 2004 and much higher than 2002 and 2003 levels.",441
How does South Africa's investment in agricultural research compare to other African countries?,livestock,general,sub_humid,doc_liv_104,"In 2014 South Africa ranked second in the region for agricultural research investment, after Nigeria, and its spending was 2.78 % of AgGDP, unusually high by African standards.",442
Are warthogs a source of African swine fever for my pigs in Senegal?,crop_diseases,livestock,semi_arid,doc_dis_155,"The study found all tested warthog sera negative for ASF antibodies, indicating warthogs may not be a source of the virus in this area.",443
Who are the key stakeholders involved in forest management in the Congo-Nile Ridge landscape in Rwanda?,general,general,sub_humid,doc_gen_179,"The key stakeholders are the central government (Rwanda Forestry Authority), local district-level governments, local communities, and other forest actors and projects identified during stakeholder consultations.",444
How can I better document the uses of the plants I have around my farm in a way that reflects my community's knowledge?,general,general,semi_arid,doc_gen_180,"Use an unmodified use-value method that records uses within and across eight categories, but remember it may miss some local uses and true knowledge.",445
What does the new methodology measure in postharvest loss studies?,post_harvest,general,sub_humid,doc_pos_023,"It measures the nature and quantity of postharvest losses, both physical and economic, across the value chain.",446
How much can I increase my sorghum grain yield by using the fertilization strategies tested in the study?,fertiliser,general,semi_arid,doc_fer_066,"Grain yield increased by 8-40 % in Koutiala, 11-53 % in Bougouni, and 44-110 % in Bamako with the fertilization treatments.",447
How can I use the Stepwise Climate Smart Investment Pathway to improve my coffee farm?,climate_adaptation,general,sub_humid,doc_cli_135,"Use it to break recommended practices into smaller, affordable packages that you can implement in phases, tailored to your agro-ecological conditions and personal needs.",448
How many interpersonal communication (IPC) contacts are needed to improve infant and young child feeding practices?,general,general,highland,doc_gen_183,"The study examined how the number of IPC contacts is associated with IYCF practices, but it does not specify an exact number needed.",449
Why do so many fresh foods in Nigeria spoil before I can sell them?,post_harvest,general,sub_humid,doc_pos_024,"Because 45% of fresh food spoils due to lack of cold storage, and power grids can't reliably deliver energy, making refrigeration nearly non-existent on many farms.",450
How much nitrogen fertilizer was applied to the groundnut seedlings?,fertiliser,groundnuts,sub_humid,doc_fer_067,20 kg of urea per hectare was applied to seedlings that were not inoculated.,451
How were thrips collected for the study?,crop_diseases,general,semi_arid,doc_dis_156,Thrips were collected by carefully cutting off flowering stems.,452
How have government policies affected land use changes in highland areas?,general,general,highland,doc_gen_185,"Government policies concerned with economic development and natural resource control have been especially important, driving conversion of areas into agricultural land and settlements.",453
What is the chance that a single pork meal I buy in western Kenya contains a cyst that could infect me?,crop_diseases,livestock,sub_humid,doc_dis_157,"The study found that a pork meal in western Kenya has a risk of about 1 in 1,000 (0.1%) of containing an infective T. solium cyst.",454
What information does the study provide about water management interventions in the Ethiopian Highlands?,climate_adaptation,general,highland,doc_cli_137,"It is a case study developed for the FAO SOFA report on scaling-up agriculture water management interventions, highlighting status, issues and opportunities.",455
"What are the main challenges that make it hard to do joint planning, monitoring, and evaluation for nutrition-sensitive agriculture?",general,general,highland,doc_gen_187,"Contextual barriers often hinder the involvement of different sectors needed for joint planning, monitoring, and evaluation of nutrition-sensitive agriculture.",456
Is there any ICT training available for farmers in my area?,general,general,sub_humid,doc_gen_015,"Yes, the Owerri Digital Village is providing ICT training for disadvantaged youth in eastern Nigeria.",457
What studies are looking at how farmers adopt improved maize varieties?,climate_adaptation,general,sub_humid,doc_cli_045,"Project P2053 conducted a survey on adoption of improved maize in Ghana, and Project P1037 used DNA fingerprinting to assess adoption of improved maize varieties.",458
What was the main focus of the stakeholder meeting held on 14th June 2011 in Kampala?,livestock,general,sub_humid,doc_liv_056,The meeting reviewed the status of smallholder pig value chain development in Uganda and discussed new initiatives by CGIAR partners.,459
Why is iron important for my children's health?,crop_diseases,general,highland,doc_dis_094,"Iron is a key component of haemoglobin, so iron deficiency causes anaemia, leading to poorer cognition, school performance, and more behavioral issues in children.",460
When and where did the new FCM Initiative have its launch events?,general,general,sub_humid,doc_gen_122,"The initiative started in April, with launch events on May 11 in Abuja, Nigeria, and on May 24 in Amman, Jordan.",461
How can I use Aflasafe to keep aflatoxins out of my maize or groundnut crops?,water_management,general,sub_humid,doc_wat_031,Aflasafe MWMZ01 and MW02 are ready for use in Malawi; follow the approved application guidelines to protect your crops from aflatoxin.,462
What does the study say about women's involvement in community groups compared to men's?,general,general,semi_arid,doc_gen_128,"Women in Mali are often highly organized within community groups, but the excerpt does not give more details.",463
What has Ethiopia done in the last thirty years to improve crop productivity?,fertiliser,general,semi_arid,doc_fer_048,Ethiopia has focused on modern input intensification to boost agricultural productivity and stimulate overall economic growth.,464
How many cassava clones were tested in the yield trial in Ibadan?,crop_diseases,cassava,sub_humid,doc_dis_114,Sixteen (16) clones were assessed.,465
What topics were covered in the training for trainers on community-based breeding programmes for small ruminants in Uganda?,livestock,livestock,"highland, semi_arid",doc_liv_076,"The training covered improved health and feeding, reproductive management, genetic improvement, and marketing.",466
How do different agricultural products affect Kenya's water usage and greenhouse gas emissions?,livestock,general,sub_humid,doc_liv_079,"The excerpt lists ""How are different agricultural products contributing to Kenya's water footprint and greenhouse gas emissions?"" but does not provide specific details.",467
Which cassava varieties were assessed for CBSD in the study mentioned in the excerpt?,crop_diseases,cassava,sub_humid,doc_dis_119,The study assessed a mapping population of 215 cassava varieties from the 2016 mapping population in Ibadan during the 2018/19 breeding season.,468
How can I control the freshwater snails that spread schistosomiasis around my farm?,livestock,livestock,semi_arid,doc_liv_083,"Focus on reducing snail populations in water bodies, as higher snail abundance and density are linked to increased schistosomiasis reinfection in nearby people.",469
Why is sorghum a good crop for semi-arid lands?,fertiliser,general,semi_arid,doc_fer_055,"Sorghum is drought tolerant, resistant to waterlogging, and yields are better in infertile soils than other crops, making it suitable for semi-arid areas.",470
What is the name of the new iron bean variety released for farmers?,general,beans,sub_humid,doc_gen_151,The new iron bean variety is called NUA 99.,471
How much of Lesotho's agricultural GDP is currently allocated to agricultural research?,water_management,general,semi_arid,doc_wat_036,Lesotho invests 0.94 percent of its AgGDP in agricultural research.,472
Which banana cultivar gives the best yield for highland livestock feed?,fertiliser,livestock,"highland, sub_humid",doc_fer_056,The exotic cultivar 'NARIAT 27' generally outperformed other local and introduced varieties across agro-ecologies.,473
Are workplace HIV treatment programmes effective for my workers?,general,general,semi_arid,doc_gen_158,"They are not as effective as expected, and many employees default from treatment programmes.",474
Does cutting down trees around my farm affect the fish in nearby creeks?,general,general,sub_humid,doc_gen_176,"Yes, deforestation and forest fragmentation near the Atewa Forest Reserve can degrade habitat and threaten fish species such as Limbochromis robertsi.",475
What does the abbreviation ZNIEFF stand for?,general,general,sub_humid,doc_gen_182,"ZNIEFF stands for Natural Zones of Ecological, Faunistic and Floristic Interest.",476
How can I reduce the risk of bacterial wilt when using seed from neighbors?,crop_diseases,general,highland,doc_dis_158,Use seed from trusted sources only and avoid reusing seed that shows symptoms; consider saving seed only from healthy plants and rotate crops to break disease buildup.,477
How common is aflatoxin in maize and what are typical levels?,post_harvest,maize,sub_humid,doc_pos_025,"Aflatoxin was found in 32% of maize samples, with an average of 3.4 μg/kg (range 2.1-16.2 μg/kg).",478
Were agricultural input subsidies useful for farmers in poor rural economies in the 1960s and 70s?,fertiliser,general,sub_humid,doc_fer_070,"Yes, they were common and contributed to the success of the green revolutions during that period.",479
What is the main goal of the CGIAR Research Program on Livestock for smallholder farmers?,livestock,livestock,highland,doc_liv_108,"It aims to increase productivity and profitability of livestock systems sustainably, making meat, milk, and eggs more available and affordable.",480
Which insect pests cause the most damage to my crops?,pests,general,sub_humid,doc_pes_019,"According to farmers, borers and scales cause the greatest damage, followed by variegated grasshopper.",481
Which organizations provide support to tree seed dealers and nursery operators?,general,general,highland,doc_gen_190,The government and NGOs give support to tree seed dealers and nursery operators.,482
How can CIMMYT help me feed my goats during drought?,climate_adaptation,livestock,highland,doc_cli_140,CIMMYT supports you in feeding goats and building resilience in highland areas.,483
How much does Striga infestation reduce the grain yield of maize hybrids?,general,maize,sub_humid,doc_gen_193,Striga infestation reduces grain yield by about 44% compared to non-infested conditions.,484
Which maize hybrids are resistant to Fall armyworm and also show resistance to turcicum leaf blight and gray leaf spot?,crop_diseases,maize,highland,doc_dis_164,"The study identifies hybrids that combine resistance to Fall armyworm with resistance to turcicum leaf blight and gray leaf spot, but specific hybrid names are not provided in the excerpt.",485
Which areas in Uganda are most vulnerable to climate-induced conflicts and insecurity?,climate_adaptation,general,semi_arid,doc_cli_141,"The most vulnerable areas are Lakwor, Oryang Lalano, Palwo, and Parumu.",486
Can I identify Dalbergia wood species just by looking at the log?,general,general,highland,doc_gen_195,"No, Dalbergia species cannot be identified from log observations.",487
How can I get better access to irrigation water like the contract farmers?,water_management,livestock,highland,doc_wat_042,"Contract farmers in the surveyed area had better irrigation water access, so you may need to connect with local commercial farms or seek water rights agreements to improve your irrigation access.",488
What can I do to control leaf diseases on my farm?,crop_diseases,general,sub_humid,doc_dis_169,"Have a phytosanitary inspection, apply recommended control measures, and consider resuming a clone trial for improved disease resistance.",489
Which cereal crop is most commonly grown in Southern Africa?,general,general,semi_arid,doc_gen_199,Maize (Zea mays L.) is the dominant cereal crop in the region.,490
What treatments were used in the study with L. leucocephela leaf meal?,livestock,livestock,sub_humid,doc_liv_116,Five treatments (T1 to T5) containing L. leucocephela leaf meal (LLM) were used.,491
How many farmers received better maize varieties based on climate data in the Western highlands?,climate_adaptation,maize,highland,doc_cli_149,"87,872 farmers received more suitable hybrid maize seeds.",492
How can I choose cowpea varieties that will still give good yields even when Striga is present in my field?,soil_health,general,sub_humid,doc_soi_020,"Pick the cowpea varieties that the study found had high yields and stable performance across all three test locations, as these are likely to cope better with Striga infestation.",493
How will the expected 2 °C rise in temperature affect coffee production in Uganda?,crop_diseases,general,sub_humid,doc_dis_173,"It will increase pest and disease incidence in Arabica-growing regions, impacting coffee output.",494
How old are most of the lead farmers who run the farmer-to-farmer extension?,general,general,sub_humid,doc_gen_201,About half of the lead farmers are between 41 and 55 years old.,495
How can I obtain the Iron Folic Acid supplements for my pregnant wife?,general,general,highland,doc_gen_202,She can receive IFA tablets through the antenatal care services at government health facilities where they are distributed and promoted.,496
Which groundnut variety produces high-quality seed in my area?,general,groundnuts,semi_arid,doc_gen_203,"The varieties ICGV86124, Fleur 11, and JL 24 produce high-quality seed.",497
What pest control methods can I use for fall armyworm that avoid harmful synthetic insecticides?,crop_diseases,general,sub_humid,doc_dis_176,"Rely on resident parasitoid species that have adapted to the pest and use biopesticides, both of which are promising alternatives for sustainable FAW management.",498
How common is Salmonella on pig carcasses in this rural area?,general,livestock,sub_humid,doc_gen_204,18.1% of pig carcasses were contaminated with NTS.,499
What are the main reasons that older subsistence farmers in Uganda find it hard to use digital agricultural platforms like EzyAgric?,general,general,sub_humid,doc_gen_205,"They struggle with unfamiliarity, prefer traditional methods, face financial constraints, and often lack digital literacy.",500
How can we improve the quality and sale of our milk in the informal market?,livestock,livestock,sub_humid,doc_liv_119,"Adopt the new institutional approaches and appropriate technologies promoted by ILRI in Uganda, Tanzania and Rwanda to harmonise standards and improve informal milk market practices.",501
How can leaf curling help my maize during drought?,climate_adaptation,maize,sub_humid,doc_cli_152,"Leaf curling can increase a plant's tolerance to water deficit, potentially helping maize better withstand drought conditions.",502
What is the purpose of Kenya's new Bioenergy Strategy?,general,general,highland,doc_gen_206,It will provide a roadmap for Kenya to manage and sustainably harness its bioenergy resources during 2020-2027.,503
"Which pretreatment (peeling, blanching or sodium metabisulphite) makes it easier to dry yam bean flour?",post_harvest,beans,sub_humid,doc_pos_026,"The study compared peeled and unpeeled tubers with blanching and sodium metabisulphite, but it does not state which treatment improves drying ease.",504
"How many workers can a single ASI thresher replace, and how much rice can it process in a day?",climate_adaptation,general,semi_arid,doc_cli_154,"One ASI thresher can replace 6 manual labourers and process up to 6 tons of rice per day, while traditional methods would need 36 workers for the same output.",505
What problems are identified for rural freight transport in Ghana?,general,general,sub_humid,doc_gen_208,The study seeks to identify problems of both urban and rural freight and public transport services.,506
When was the progress of the Kusi agronomy programme reported?,general,general,sub_humid,doc_gen_209,The progress was reported by December 1990.,507
Why should tilapia samples be transported in cool boxes for bacterial testing?,general,general,sub_humid,doc_gen_210,"Cooling keeps fish tissues at low temperature, preserving the bacteria for accurate detection during later laboratory analysis.",508
What is the net profit rate for small-scale certified cocoa producers in the forest zone?,general,general,sub_humid,doc_gen_211,Small-scale certified cocoa producers in the forest zone have an average net profit rate of 24%.,509
How can we accurately measure women's decision-making in our farm programs?,general,general,sub_humid,doc_gen_212,"Small variations in indicator construction can meaningfully change how women are ranked; thus, carefully design and test decision-making indicators to avoid misleading results.",510
How can I help reduce antimicrobial resistance in my livestock?,livestock,livestock,sub_humid,doc_liv_123,"Use antimicrobials only when needed, follow veterinary guidance, and practice good hygiene and biosecurity to limit spread and reduce the risk of food-borne AMR transmission.",511
Which rice varieties can survive flash floods and submergence in Côte d'Ivoire?,general,general,sub_humid,doc_gen_213,FARO-66 9 (Wita-4 + Sub-1) and FARO-67 (NERICA-L19 + Sub-1) planted by the wet-direct method are designed to cope with flooding and submergence.,512
How can I use crop residues for mulch to improve my soil in a conservation agriculture system?,livestock,livestock,semi_arid,doc_liv_124,"The excerpt says that production and use of crop residues as mulch is a central element of successful conservation agriculture in southern Africa. Use the residues from your current crops to cover the soil surface, reducing weed growth and conserving moisture.",513
How many people should I use to fish a pond for the best catch?,livestock,general,sub_humid,doc_liv_125,Use two people holding the net at the edges or three people in the pond to press the net to the bottom for maximum catch.,514
How can I share bean variety information with other farmers in my community?,crop_diseases,general,sub_humid,doc_dis_181,"You can share information through demonstrations, participatory variety selection, exhibitions, Barraza's, sensitizations, trainings, or field days.",515
How does the temperature at which boar semen is stored affect its quality for artificial insemination?,post_harvest,livestock,sub_humid,doc_pos_027,Boar semen is sensitive to both cold shock and hot temperatures; improper storage can damage the membrane due to phospholipid differences. Proper temperature control is essential for maintaining semen quality.,516
Can I use my smartphone to prove crop damage for index insurance claims in Ethiopia?,climate_adaptation,general,highland,doc_cli_157,"Yes, the AzmeraCam app lets farmers upload crop photos to request audits when satellite data fails to trigger a payout.",517
How can national genebanks work with community seed banks to help me grow climate-resilient crops?,climate_adaptation,general,sub_humid,doc_cli_158,"A national genebank can collaborate with community seed banks by following a formal protocol that sets principles, good practices, and areas of collaboration to share and distribute climate-resilient varieties.",518
Where can my livestock get trypanosomiasis?,crop_diseases,livestock,sub_humid,doc_dis_183,"It only occurs in areas that are habitats of Glossina tsetse flies, which are restricted to specific geographic settings.",519
How can I estimate the dry biomass of mature trees in my woodland?,general,general,semi_arid,doc_gen_217,Measure the tree diameter at breast height (DBH) for trees over 2.5 cm and apply allometric equations to estimate dry biomass.,520
What do the atlases produced by CTA cover regarding livestock in the Sahel?,climate_adaptation,livestock,semi_arid,doc_cli_159,They cover the potential for animal husbandry and grazing in the region.,521
What was the purpose of the Enterprise Survey conducted in Kenya?,general,general,highland,doc_gen_218,"To understand what firms experience in the private sector and to improve the business environment for investment, job creation, and sustainable growth.",522
What types of weather forecasts will be given to me as a smallholder farmer in Limpopo?,climate_adaptation,general,semi_arid,doc_cli_160,"Local forecasts of rainfall, runoff, soil moisture and evapotranspiration based on large-scale seasonal rainfall predictions from CSIR.",523
How does the solar-powered milk cooling system help reduce milk loss in my farm?,livestock,livestock,semi_arid,doc_liv_127,"It keeps milk chilled using solar energy, preventing spoilage and thus reducing the amount of milk that is lost before it can be sold.",524
What stand density should I aim for to get the best sorghum yield in this semi-arid zone?,general,sorghum,semi_arid,doc_gen_222,"Plant about 65,000 dwarf long-season sorghum plants per hectare.",525
Which areas do the current national policies focus on to improve food production and market connectivity?,post_harvest,general,sub_humid,doc_pos_030,"The policies mainly emphasize the food production side, the consumer side, and market connectivity.",526
Does inheriting land from my parents really help my income?,general,general,semi_arid,doc_gen_223,"No, male-dominated land bequests give little gain to consumption and explain little inequality.",527
How can I diversify my crops to adapt to climate change?,climate_adaptation,general,semi_arid,doc_cli_162,Add better-adapted crops and/or crop varieties to your existing basket of crops and varieties.,528
"What does the study mean by a ""bundle of ESs"" and how is it used?",general,general,highland,doc_gen_226,The study uses a bundle of ecosystem services as a proxy to assess trends in the socio-ecological resilience (SER) of three Nile basin districts in Ethiopia.,529
How does the distance to gums and resins forests affect my income from these resources?,general,general,highland,doc_gen_229,Greater distance to the forest reduces the income you earn from gums and resins.,530
How will the new maize cultivars help my small livestock farm?,livestock,general,"highland, semi_arid",doc_liv_129,"They will be bred to meet both food and fodder needs, improving suitability for resource-poor mixed-crop livestock farmers like you.",531
How much did fertilizer prices increase in Kenya during the 2020-2022 crisis?,fertiliser,general,semi_arid,doc_fer_084,"Retail fertilizer prices rose about 81% on average, with some shops even seeing increases up to 138%.",532
How many local cowpea varieties are known in the studied area?,general,general,semi_arid,doc_gen_233,There are 59 local cowpea varieties with distinct local names.,533
How does NDVI at the 8-leaf stage help in selecting maize hybrids for drought tolerance?,climate_adaptation,maize,sub_humid,doc_cli_165,"NDVI measured at the 8-leaf stage shows significant variation among hybrids, with general combining ability explaining about 53% of that variation, indicating its usefulness for selecting drought-tolerant lines.",534
What are the main climate threats that Ethiopia's farmers are facing?,climate_adaptation,general,semi_arid,doc_cli_166,"Erratic rainfall, prolonged droughts, and frequent floods are becoming more frequent, undermining crop yields and livestock productivity.",535
"Will climate change make it better to grow root and tuber crops in my highland area, and should I change my planting dates or choose different varieties?",climate_adaptation,general,"highland, semi_arid, sub_humid",doc_cli_167,"Climate change will slightly improve the suitability of most root and tuber crops, except potato; adjusting planting dates and selecting appropriate varieties can help maintain or improve suitability.",536
How did the rapid food price inflation in Ethiopia affect the welfare of the poor in cities and large rural towns?,general,general,highland,doc_gen_234,"The paper investigates the welfare impacts of the rapid food price inflation experienced in Ethiopian cities and large rural towns, particularly concerning the poor.",537
How can I use ant populations to help control cocoa mirids in my farm?,pests,general,sub_humid,doc_pes_020,"By observing where ant species and mirid bugs are found on your cocoa trees and encouraging ant presence, you may reduce mirid numbers, though detailed guidance for Africa is still limited.",538
How can my dairy farm benefit from the government giving free milk to primary schools?,livestock,livestock,highland,doc_liv_134,"If the government distributes free milk to primary schools, milk production in Kenya grows phenomenally, so more demand could mean higher sales for local dairy farms.",539
Which sweet potato virus is most common in the surveyed districts?,crop_diseases,general,highland,doc_dis_193,Sweet potato mild mottle virus (SPMMV) is most common at 31.14%.,540
Are there newer maize varieties available from private companies compared to the parastatal Kenya Seed Company?,general,maize,highland,doc_gen_236,"Yes, private domestic and international companies sell varieties that are on average 10 years younger than those offered by the parastatal Kenya Seed Company.",541
How many households in Malawi received remittances in 2016/17?,general,maize,sub_humid,doc_gen_237,About half of Malawian households received remittances in 2016/17.,542
Where can I download the mobile feed formulation app for smallholder chicken production?,livestock,livestock,sub_humid,doc_liv_135,"The app can be downloaded from mobile app stores after it has been translated into local languages in Ethiopia, Tanzania, and Nigeria.",543
What is the Wetland Use Intensity (WUI) indicator and how is it calculated?,general,general,highland,doc_gen_238,"The WUI indicator measures wetland use intensity by using the Mean Absolute Spectral Dynamics (MASD), a cumulative measure of reflectance change across a time series of optical satellite images.",544
How can I help stop coenurosis in my sheep?,livestock,livestock,highland,doc_liv_136,"Train and inform all community members on the disease's causes, transmission, and control options.",545
How can farmers in the Southern Highlands of Tanzania access improved bean seed varieties?,crop_diseases,general,highland,doc_dis_194,The project provides farmers with improved bean seed varieties for better food security and income.,546
What is the main goal of the CGIAR Research Program on Livestock?,livestock,livestock,highland,doc_liv_137,"It aims to increase productivity and profitability of livestock agri-food systems sustainably, making meat, milk, and eggs more available and affordable.",547
How can I keep my local sorghum seeds safe and continue sharing them with my neighbors?,climate_adaptation,sorghum,semi_arid,doc_cli_169,"Store seeds properly, plant, harvest, clean, and keep them in a dry, pest-free place, and exchange them with neighbors, friends, and relatives to maintain local biodiversity.",548
Does the UNHCR Livelihoods Monitoring Framework collect data from my village to track how well the programs are working?,general,general,sub_humid,doc_gen_239,"Yes, it rolls out household surveys to a sample of beneficiaries in each UNHCR livelihood project, collecting baseline and end-line data to measure outputs and impact.",549
Why are small-scale irrigation facilities on the Fogera plains not given much attention in Nile resource negotiations?,climate_adaptation,general,highland,doc_cli_170,"They receive little attention because negotiations focus primarily on large dams rather than small dams, wells, ponds, or river diversions.",550
How can I use the mobile application to improve my rangeland management?,livestock,livestock,semi_arid,doc_liv_139,"Use the task-based mobile app to record information on rangeland, water, and livestock, then combine your data with remote sensing for better mapping of resource use and accessibility.",551
How much woody biomass can I expect from intercropping Gliricidia and pigeon pea for fuelwood use?,general,peanuts,semi_arid,doc_gen_240,The study gives allometric equations that use the root collar diameter at 20 cm and stem height to estimate above-ground woody biomass of those intercropped plants.,552
Which way of receiving insurance payouts do farmers prefer: via mobile money or into a bank account?,climate_adaptation,general,semi_arid,doc_cli_171,Farmers are most willing to pay for insurance that pays out directly into their personal mobile money account.,553
What is a living lab and how does it work?,climate_adaptation,general,semi_arid,doc_cli_172,"A living lab is an open laboratory-a city or landscape where scientists, policymakers, entrepreneurs, innovators, governance structures, and citizens can plug in to test and scale innovations and new technologies in a real-life setting.",554
How can I find the best water points and pasture spots for moving my herds during the dry season?,livestock,livestock,semi_arid,doc_liv_140,"Use the digital map of the transhumance system in eastern Senegal, which shows key resources like water points, encampments, corridors, and pastures.",555
How many novel components are in the pig market arrangement framework in Uganda?,livestock,livestock,sub_humid,doc_liv_144,The framework has eight novel components.,556
How can climate smart agriculture help my livestock farm?,fertiliser,livestock,semi_arid,doc_fer_008,"It boosts livestock productivity and income, improves resilience to climate extremes, and cuts GHG emissions.",557
What was the purpose of the Pause & Reflect workshop held in Kenya in October 2022?,general,general,semi_arid,doc_gen_049,"It united leaders and co-leaders of the five work packages and country coordinators, plus partner representatives, to share first experiences and ensure effective interaction among countries and work packages.",558
Who were the main partners involved in the CPWF Project in Northern Ghana?,water_management,general,"semi_arid, sub_humid",doc_wat_020,"The project collaborated with the Council for Scientific and Industrial Research - Savanna Agricultural Research Institute, the Water Research Institute, the Institute of Statistical Social and Economic Research, and the International Water Management Institute.",559
Is there any information about how pearl millet can tolerate low phosphorus levels?,fertiliser,general,semi_arid,doc_fer_026,"Yes, this study identified genetic polymorphisms linked to low-phosphorus tolerance, flowering time and grain yield in West African pearl millet.",560
How early should I start breastfeeding my baby after birth to help keep them healthy?,general,general,sub_humid,doc_gen_073,Start breastfeeding within the first hour after birth; early initiation reduces risk of neonatal deaths.,561
How many white flesh cassava varieties were tested in the trial?,crop_diseases,cassava,sub_humid,doc_dis_072,The trial tested 12 white flesh cassava clones.,562
What was the purpose of the dataset shown in the excerpt?,general,general,semi_arid,doc_gen_142,It was used to explore research gaps in existing academic literature on climate security in Somalia.,563
How many cassava clones were tested in the trial?,crop_diseases,cassava,sub_humid,doc_dis_122,The trial assessed 12 clones.,564
Where was the PGIS data collection exercise carried out in Zimbabwe?,water_management,general,semi_arid,doc_wat_035,"It was done in the districts of Insiza, Matobo and Gwanda in Zimbabwe's Matabeleland South province, all within the Limpopo River Basin.",565
What is the purpose of the training report on fresh cassava roots?,post_harvest,cassava,sub_humid,doc_pos_021,It focuses on extending the shelf-life of fresh cassava roots to increase incomes and reduce post-harvest losses.,566
Does adding pruned leaves to the soil in my oil palm plantation help with soil carbon?,climate_adaptation,general,sub_humid,doc_cli_121,"Yes, studies in southeastern Benin show that depositing pruned palm leaves in the soil can increase soil carbon sequestration in smallholder plantations.",567
"What does the pilot project with Federal University Of Technology, Akure aim to do?",general,general,sub_humid,doc_gen_154,It is a market intervention pilot designed to stimulate vegetable consumption in Nigeria.,568
Which cassava clones had the lowest cyanide levels in the 1996/97 trial at Zaria?,crop_diseases,cassava,sub_humid,doc_dis_143,"The 41 clones tested in the advanced yield trial at Zaria included those with low cyanide, but the specific clones are not listed in the excerpt.",569
What did the study find about changes in menstrual hygiene practices?,general,general,highland,doc_gen_162,"The study found large, statistically significant improvements in menstrual norms, knowledge, and hygiene behavior, though the gains varied by location and gender.",570
When do miRNA changes occur after PPR vaccination in sheep?,crop_diseases,livestock,sub_humid,doc_dis_145,"In peripheral blood lymphocytes, miRNA changes were detected 3 days and again 5 days after inoculation.",571
Should we update our forest management standards to follow the new 2015 FSC Principles and Criteria?,general,general,sub_humid,doc_gen_181,"Yes, the 2015 version should be used to update national standards.",572
"Which of the three resilience measurement methods (FAO, TANGO, or Cissé & Barrett) is most reliable for assessing my farm's resilience?",general,general,semi_arid,doc_gen_189,"All three methods show only modest out-of-sample predictive accuracy and vary in the households they identify as resilient, so none is markedly more reliable than the others.",573
What main traits were evaluated in the cassava clones during the 2018/2019 preliminary yield trial in Ibadan?,crop_diseases,cassava,sub_humid,doc_dis_159,"The trial assessed high yield, disease resistance, and high total carotenoid retention.",574
What are the main climate challenges that farmers in Eastern Africa face?,climate_adaptation,general,highland,doc_cli_138,Droughts and floods are the major challenges in the region.,575
Can I use the Tanzania Virtual Business Incubator to improve my farm business?,general,general,sub_humid,doc_gen_197,"The incubator is designed specifically for women-owned businesses, providing training in financial literacy, market outreach, product development, and business development services. It is not open to male farmers.",576
What is the average age of a cocoa farmer in Ghana?,general,general,sub_humid,doc_gen_200,The average age is 56.,577
Which local feedstuff has the highest digestible energy and what is its value?,fertiliser,livestock,highland,doc_fer_076,"Overripe improved-variety avocado has the greatest digestible energy, estimated at 5280 kcal per kg of dry matter.",578
How can the green revolution programme help my maize and sorghum crops?,general,general,sub_humid,doc_gen_207,It helps increase maize and sorghum yields.,579
How do late rains affect the quality of bean seeds?,water_management,beans,semi_arid,doc_wat_043,Late rains in 2012 reduced yields and affected seed quality.,580
Which mosquito species in my area causes malaria?,crop_diseases,general,semi_arid,doc_dis_186,Anopheles mosquitoes are the vector that transmits malaria in this region.,581
"What was the focus of the CIFOR test conducted in Kribi, Cameroon in 1996?",general,general,sub_humid,doc_gen_224,The test focused on developing and testing criteria and indicators for sustainable forest management specific to the Kribi region.,582
How can I help raise vitamin A intake in my community?,general,general,sub_humid,doc_gen_232,"By planting beta-carotene-rich orange sweet potatoes and sharing related agronomy, nutrition, and marketing messages.",583
How much nitrogen fertilizer should I use for sorghum in this semi-arid area?,fertiliser,sorghum,semi_arid,doc_fer_086,"The study tested 0, 41, and 82 kg N ha−1; consider 41 or 82 kg N ha−1 as the levels evaluated.",584
What proportion of people in Sub-Saharan Africa live below the international poverty line?,crop_diseases,general,highland,doc_dis_196,One-half of the population lives below the international poverty line.,585
How can schools in developing countries get computers and Internet access?,general,general,semi_arid,doc_gen_241,"Schools are beginning to get computers and access to the Internet, often through programs that prioritize affordable access using open platforms.",586
What does WELI stand for in the MoreMilkIT project?,livestock,livestock,sub_humid,doc_liv_142,WELI is a survey that covers key indicators of empowerment in relation to dairy development in Tanzania.,587
Do the current vaccine strains protect against all heartwater strains?,crop_diseases,general,semi_arid,doc_dis_198,"No, the three avirulent strains (Gardel, Welgevonden, Senegal) offer limited protection and do not cover all genetic variants.",588
How many organizations are involved in providing agricultural extension services in Malawi?,climate_adaptation,general,sub_humid,doc_cli_173,There are more than 120 organizations and programs working on agriculture that include extension service provision as one of their main activities.,589
How can I use the ILA mixing board to plan and improve my farm's land use?,general,general,sub_humid,doc_gen_243,"The ILA mixing board lets you break down landscape challenges into selectable, scalable attributes, helping you plan, diagnose, and compare different approaches for your land use.",590
Does sharing cassava cuttings with family or neighbors spread cassava mosaic disease?,crop_diseases,cassava,sub_humid,doc_dis_201,"Yes, local seed exchange in kinship networks can spread seedborne pathogens like ACMV, the main cause of CMD.",591
How can I prevent a Desert Locust invasion in my fields?,pests,general,semi_arid,doc_pes_022,"Locate and eliminate primary outbreak populations at gregarization sites early, before swarms form; monitor early swarms or hopper bands reported from nearby regions.",592
What pest is being discussed in this report?,pests,general,sub_humid,doc_pes_023,"The report discusses the fall armyworm, *Spodoptera frugiperda*, a major pest of corn and other crops.",593
How can I use satellite data to monitor fall armyworm damage on my maize crop?,pests,maize,semi_arid,doc_pes_024,Use the Sentinel-2-based monitoring algorithm that analyzes first-derivative NDVI time series via Google Earth Engine to detect FAW activity during the vegetative growth stage.,594
How can conservation agriculture help my maize yield in the sub-humid zone?,soil_health,maize,sub_humid,doc_soi_025,"Conservation agriculture boosts maize yield in 2-5 seasons and can give 25-45 days labour savings with labour-saving planting and weed control, especially benefiting women.",595
What farming practices can help my crops stay productive if the weather gets hotter and wetter in the future?,climate_adaptation,general,sub_humid,doc_cli_174,"Using improved seed varieties, applying more nitrogen fertilizer, and adding supplementary irrigation can boost crop resilience to future climate shocks.",596
Can enset root mealybugs damage banana plants in my garden?,crop_diseases,general,highland,doc_dis_202,"Yes, enset root mealybugs have been observed on banana mats, indicating that banana (Musa spp.) can be a host.",597
What was the purpose of the study mentioned in the excerpt?,livestock,general,"highland, sub_humid",doc_liv_143,"The study examined how replacing concentrate mix with various levels of Erythrina brucei (korch) leaves affected nutrient intake, digestibility, and body weight gain of Bonga sheep that were fed a basal diet of Pennisetum glaucifolium (desho grass).",598
Which tree species gives the best improvement in soil quality and crop yield when combined with fertilizer in semi-arid Niger?,fertiliser,general,semi_arid,doc_fer_092,Faidherbia albida gives the best improvement in soil quality and crop yield under all tested fertilizer microdosing levels.,599
How can I revive paals to harvest rainwater for my livestock?,water_management,livestock,semi_arid,doc_wat_048,"Local communities in Alwar, Rajasthan have successfully revived paals for rainwater harvesting, showing it is a low-cost, environmentally acceptable solution that can be replicated in similar semi-arid areas.",600
Does Ethiopia's new water policy say anything about how water should be valued for small farmers?,water_management,general,highland,doc_wat_049,"Yes, it recognizes multiple water values and up-to-date options to benefit irrigators, domestic users, and industry.",601
How does the accumulation of litter from annual grasses affect the risk of fires in highland rangelands?,livestock,livestock,"highland, semi_arid",doc_liv_146,"The buildup of litter from annual grasses promotes a grass-fire cycle, increasing the likelihood of fires that threaten biodiversity.",602
How did removing user fees in Kenya affect the money that health facilities receive?,general,general,semi_arid,doc_gen_245,The removal of user fees has reduced the funds at the facility level and the involvement of health facility committees.,603
What is SACRED-Africa doing to help with maize-legume inter-cropping?,general,maize,sub_humid,doc_gen_247,It is extending its work to improve maize-legume inter-cropping in ways that can be quickly adopted by farmers.,604
What are the main obstacles that prevent Kenyan livestock farmers from receiving climate advisories?,climate_adaptation,livestock,semi_arid,doc_cli_177,"Many lack digital literacy (about 30%) and rely on trusted local sources like radio or community elders, not just official agencies.",605
Why should I grow maize landraces instead of only improved varieties?,general,maize,sub_humid,doc_gen_248,"Landrace maize contains unique genetic diversity that helps it adapt to unpredictable climate, supporting food security in sub-Saharan Africa.",606
How many additional farmers will be targeted in the highland regions for the gender-responsive food production program?,post_harvest,livestock,highland,doc_pos_033,"The program plans to target over 100,000 additional men and women farmers in the highland regions.",607
What kinds of improved technologies and innovations will the project promote for livestock?,livestock,livestock,"highland, sub_humid",doc_liv_149,The project promotes improved technologies and innovations that develop high-value livestock value chains.,608
Which sorghum lines are most tolerant to midge damage?,general,sorghum,semi_arid,doc_gen_251,"The study found seven lines tolerant to midge: Kouria, PR3009B, ICSB176003, Fambe B, Lata/Grin-9-14-1-1, ICSB176008, and 12B.",609
How can I improve my pig prices and genetics through community artificial insemination?,livestock,livestock,sub_humid,doc_liv_151,"Join a community-based artificial insemination program where pig producers are trained on breeds, breeding and insemination, synchronizing pigs for group insemination to produce larger, healthier piglet cohorts.",610
How can farmer cooperatives help me get access to inoculant technologies?,fertiliser,general,highland,doc_fer_094,"Farmers' Cooperative Unions are used as business entities and effective means to reach more farmers in the partnership programs, improving inoculant access.",611
How much does each IoT rain gauge cost?,climate_adaptation,general,semi_arid,doc_cli_179,Each gauge is targeted to be manufactured at about $50 per unit.,612
How is the availability of local seed varieties affected by modern farming practices in South Africa?,climate_adaptation,general,semi_arid,doc_cli_180,"Commercial varieties replace older local varieties, making the older varieties increasingly scarce in many communities.",613
How common is antibiotic resistance in camels in this area?,livestock,general,semi_arid,doc_liv_152,"About 12.4% of camels carry resistant E. coli, and most of those (≈85%) are multidrug resistant.",614
How can we form farmer research groups to help us get new technologies for our livestock?,livestock,livestock,highland,doc_liv_153,"Form farmer research groups, use participatory tools, and join innovation platforms to identify and adopt appropriate technologies.",615
What is the main goal of Madagascar's land reform since 2005?,general,general,highland,doc_gen_253,The main goal is to modernise land administration and decentralise land management to the Communes.,616
How can I access climate information services in my area?,climate_adaptation,general,semi_arid,doc_cli_181,"300,000 farming and agro-pastoralist households in the project zone are accessing climate information services (CIS) and climate-smart agriculture (CSA) technologies and practices.",617
How can I reduce seed degeneration in my cassava crop?,crop_diseases,cassava,sub_humid,doc_dis_214,Focus on disease and pest management and surveillance in priority areas identified by the study.,618
How can I join a union to help grow my egg production and benefit from the rising local demand?,livestock,general,sub_humid,doc_liv_155,"Join a local farmer union; this will group stakeholders, increase market access, and help you tap the growing local egg demand and the import ban on cooled eggs.",619
How can I help increase agricultural productivity in the Meheba area?,general,general,sub_humid,doc_gen_254,"Participate in the 1,700 detailed surveys that are part of the Meheba LAP to share information about your farming practices; this data will guide future development strategies that aim to boost local agricultural productivity.",620
How can I get information about diseases that harm my livestock using the iCow platform?,crop_diseases,livestock,highland,doc_dis_216,"By placing a request on iCow, a basic-phone mobile app, you can receive information on zoonotic diseases that impair livestock production.",621
Which groundnut varieties are recommended for high rosette pressure areas in highland zones?,general,groundnuts,highland,doc_gen_255,"ICG 12991 and ICG 12988, which out-yielded JL 24 when rosette pressure was high.",622
What can help women increase their participation in livestock activities in highland Guatemala?,livestock,general,highland,doc_liv_158,"Access to credit, land, and livestock ownership can empower women and improve their income and food security.",623
How does seed certification affect maize yield for small farmers in highland Nigeria?,general,maize,highland,doc_gen_258,"The study examines whether certified seeds improve maize productivity, but specific yield gains are not detailed in the excerpt.",624
How can I control Xanthomonas wilt on my banana plantation?,crop_diseases,general,sub_humid,doc_dis_219,"Cut the diseased banana stem while leaving the banana mat intact (Single Diseased Stem Removal); it's low-cost, easy, and boosts production value.",625
How can I report a livestock disease using the mobile phone system described?,crop_diseases,livestock,semi_arid,doc_dis_220,"Field veterinarians and other agents use smartphones with electronic reporting forms (ODK-Collect) to input data, which is posted to the online server daily or immediately for analysis.",626
What can I learn from the survey data about feeding and forage practices for my livestock?,livestock,livestock,highland,doc_liv_160,The survey data includes a feeding and forage module that can help you see how households in the region manage livestock feed and forage.,627
What does the WorldFish Center do for smallholder farmers in West Africa?,water_management,general,sub_humid,doc_wat_052,"It conducts research on rice-fish systems, which are essential parts of integrated agriculture-aquaculture (IAA).",628
How does being impatient affect a smallholder's likelihood of adopting conservation agriculture practices?,climate_adaptation,general,sub_humid,doc_cli_183,Impatience is linked to a lower chance of adopting conservation agriculture methods such as combined minimum-till.,629
What was the average calf mortality rate from birth to weaning in the studied dairy farms?,crop_diseases,livestock,highland,doc_dis_221,The average calf mortality rate was 18.5% from birth to weaning.,630
Why are fertilizer subsidies unevenly distributed?,fertiliser,maize,sub_humid,doc_fer_095,The excerpt states that the benefits of national and donor-led subsidy interventions are unevenly distributed.,631
How can I grow beans better on soils that are low in phosphorus?,fertiliser,beans,highland,doc_fer_096,Look for and plant bean varieties that are adapted to low phosphorus availability; these genotypes tend to grow better and take up more phosphorus.,632
Which locally available cereals and legumes should I grow to improve the nutrition of children aged 6-23 months?,post_harvest,general,semi_arid,doc_pos_034,"Grow locally available cereals and legumes, as recommended for improving complementary feeding practices.",633
How can I use small-scale irrigation to improve the amount and quality of fodder for my livestock in highland areas?,fertiliser,livestock,highland,doc_fer_097,"Small-scale irrigation can help grow Napier grass or mixed vetch and oats, which are good livestock feed, by providing reliable water for these crops and increasing their quantity and nutritional quality.",634
"Will the 150-day tariff suspension on wheat, husked rice, maize, and cowpea lower the prices that Nigerian farmers have to pay for these commodities?",general,general,sub_humid,doc_gen_260,The government intends the suspension to reduce the high prices Nigerians face for these key staples.,635
What range of days does finger millet usually take to flower in East African varieties?,general,general,sub_humid,doc_gen_261,Finger millet flowering time ranges from 50 to 120 days.,636
How can a disordered supply chain affect the dairy market in Malawi?,general,general,highland,doc_gen_262,"A supply chain in disarray can cause food production deficiencies and/or high prices, acting as a barrier to growth and food security.",637
Is there variation in iron content among different sorghum lines?,fertiliser,sorghum,sub_humid,doc_fer_101,"Yes, significant variation was detected for iron and zinc contents among the tested sorghum genotypes.",638
What alternative livestock management methods is ILRI testing in the semi-arid region of Fakara?,livestock,livestock,semi_arid,doc_liv_165,"ILRI is performing preliminary tests of alternative management in Fakara, the semi-arid agro-ecosystem in western Niger.",639
How does fall armyworm affect my maize yield and sales?,pests,maize,sub_humid,doc_pes_026,"Fall armyworm reduces maize yield and sales, but does not affect how much we eat.",640
How does Kenya use the Medium Term Expenditure Framework (MTEF) in the health sector?,general,general,highland,doc_gen_038,"Kenya adopted the MTEF in the early 2000s and, in 2005, the Ministry of Health introduced the Annual Operational Plan process to adapt the MTEF for the health sector, aligning policy, planning, and budgeting.",641
How can we better coordinate and implement multisectoral nutrition plans in our region?,general,general,semi_arid,doc_gen_044,"Focus on real-time decision-making by documenting the experiences of policymakers, nutrition leaders, program managers, and implementers, and systematically assess drivers of change to guide implementation in dynamic country contexts.",642
When was the preliminary yield trial for cassava biofortification carried out?,crop_diseases,cassava,sub_humid,doc_dis_090,It was conducted during the 2015/2016 breeding season.,643
How does internal human capital affect innovation in small farming enterprises?,general,general,sub_humid,doc_gen_114,"Internal human capital-skills, abilities, and knowledge of employees-can be a key source for innovation within firms.",644
Where can I find the standard operating procedure for mass rearing of pests on maize?,pests,maize,sub_humid,doc_pes_017,"The SOP is titled ""SOP # IITA-ENTLAB-SOP01"" and can be accessed from the IITA website or the IITA-ENTLAB SOP repository.",645
Which diseases commonly affect chickpeas?,crop_diseases,general,"highland, semi_arid, sub_humid",doc_dis_130,Fusarium oxysporum and Ascochyta rabiei.,646
Where can I find poverty and food security maps for my area?,general,general,sub_humid,doc_gen_171,"The project offers poverty and food security maps, data sets, and a browse graphic showing key maps that you can access.",647
How many new cases of Buruli ulcer were recorded in Akonolinga from 2002 to 2012?,general,general,sub_humid,doc_gen_184,787 new Buruli ulcer cases were recorded in the district during that period.,648
Why is studying top-soil microbiomes important for farms in semi-arid areas?,crop_diseases,general,semi_arid,doc_dis_167,"They provide key ecosystem services and hold high biodiversity, especially in arid regions like sub-Saharan Africa.",649
"How many different cassava mosaic virus species cause CMD in Madagascar, and which ones are most common?",crop_diseases,cassava,sub_humid,doc_dis_177,"CMD is caused by at least six African cassava mosaic geminivirus species, and four of those are most prevalent in Madagascar.",650
Why don't farmers cut down the two medium-sized locust bean trees when clearing fields in northern Nigeria?,livestock,beans,semi_arid,doc_liv_120,"Because these locust bean trees, Parkia clappertonia and Parkia filicoidea, are never cut down.",651
Which cassava varieties from the 15 clones tested in Akure showed disease resistance against CMD?,crop_diseases,cassava,sub_humid,doc_dis_182,"The trial identified several of the 15 clones with good resistance to CMD, but the specific resistant varieties are listed only in the full report; this excerpt does not name them.",652
Did the study find that the bees' wing shape matched their genetic differences?,general,general,sub_humid,doc_gen_216,The study was set to evaluate whether morphological variability coincides with neutral genetic variability.,653
Which ministries and agencies were assessed in the report?,general,general,sub_humid,doc_gen_219,"The report assessed the Ministry of Water and Environment (MWE), the National Forestry Authority (NFA), the Ministry of Agriculture, Animal Industry and Fisheries (MAAIF) and the National Agricultural Advisory Services (NAADS).",654
What shrub densities were used in the sorghum experiment?,fertiliser,sorghum,semi_arid,doc_fer_081,"0, 488, 976, and 1953 shrubs per hectare.",655
What is the purpose of the Country Opinion Survey in Niger?,general,general,semi_arid,doc_gen_230,"It helps the World Bank Group learn how stakeholders in Niger view the general environment, their attitudes toward the WBG, impressions of its work and communication, and how they see the WBG's future role.",656
At what age do goats usually give birth for the first time in Kabri Dehar and Sheygosh?,crop_diseases,livestock,highland,doc_dis_190,Goats in these districts typically have their first kidding at about 13.9 months.,657
"What does the code ""b09 = 1"" mean in this data?",general,general,highland,doc_gen_231,It indicates the person's occupation is a farmer (crops).,658
What is the main focus of the project for smallholder farmers in the highland areas?,water_management,general,highland,doc_wat_045,"The project aims to improve the competitiveness, sustainability and equity of value chains for selected high-value livestock and irrigated crop commodities in target areas of four Ethiopian regions.",659
Who is PABRA and what does it do?,post_harvest,general,sub_humid,doc_pos_032,"PABRA is a consortium of three regional bean networks (ECABREN, SABRN, WECABREN) that includes national agricultural research systems, public and private sector bean value-chain actors, and partners from Bioversity International and CIAT, and it aims to improve bean productivity, use, and commercialization for smallholder farmers and urban populations.",660
What did the uniform yield trial in Warri in 1999/2000 study about cassava?,crop_diseases,cassava,sub_humid,doc_dis_010,It assessed 24 cassava clones for their ability to resist multiple pests.,661
How many cassava clones were evaluated in the study?,crop_diseases,cassava,sub_humid,doc_dis_017,231 clones were evaluated.,662
How does insect activity affect the spread of banana Xanthomonas wilt in highland areas?,crop_diseases,livestock,highland,doc_dis_084,Insects are a major mode of spreading Xanthomonas wilt; high insect activity is blamed for the high incidence of the disease in banana landscapes.,663
How does the Girinka program help improve my household's nutrition and food security?,soil_health,livestock,highland,doc_soi_017,The Girinka program has been shown to improve child nutritional status and increase household food security.,664
How many sheep were used in the grazing experiment on the arid rangeland?,livestock,livestock,semi_arid,doc_liv_102,A flock of 150 sheep was allowed to graze the area.,665
Why is tractor adoption low in my area?,fertiliser,general,"highland, semi_arid",doc_fer_065,The excerpt states that demand-side factors largely explain the low adoption of tractors in Nigeria.,666
How can intercropping sorghum with cowpea help my farm in semi-arid West Africa?,fertiliser,sorghum,semi_arid,doc_fer_082,"Intercropping sorghum and cowpea is a key entry point for sustainable intensification, helping farms cope with variable rainfall and improve both agronomic and environmental performance.",667
How can I share ideas or ask questions about my farm on Spore?,general,general,sub_humid,doc_gen_228,Use the new section in Spore that lets readers and subscribers exchange ideas and ask questions.,668
What are the costs for families and individuals when livestock diseases occur?,crop_diseases,livestock,highland,doc_dis_189,"Families face increased poverty, reduced income and productivity, health costs, and reduced food security.",669
Which organization works with partners to help poor farmers keep their animals alive and productive?,fertiliser,livestock,semi_arid,doc_fer_088,The International Livestock Research Institute (ILRI).,670
What does the Country Opinion Survey in Nigeria measure for the World Bank Group?,general,general,sub_humid,doc_gen_246,"It gathers feedback on Nigeria's general environment, attitudes toward the WBG, impressions of its effectiveness, knowledge work, activities, communication, and future role.",671
What crops has ICARDA improved in Sub-Saharan Africa?,crop_diseases,general,highland,doc_dis_207,"ICARDA has improved barley, lentil, faba bean, chickpea and has done some work on field pea.",672
What kinds of information are usually collected in informal business surveys like the one conducted in Cape Verde?,general,general,semi_arid,doc_gen_249,"They gather general business details, infrastructure and services, sales and supplies, finance sources, business-government relations, assets, health issues, bribery, workforce composition, training, registration obstacles, reasons for not registering, and possible benefits of registration.",673
What was the purpose of the African Network on Rural Poultry Development?,livestock,livestock,sub_humid,doc_liv_150,It was created to consolidate existing knowledge and coordinate development in rural poultry production.,674
How many households have been reached by the OFSP project in Rwanda?,crop_diseases,livestock,sub_humid,doc_dis_215,"The project has directly reached over 125,000 households.",675
What kind of rainfall pattern does the Upper West Region of Ghana have?,water_management,livestock,sub_humid,doc_wat_051,"The region receives a uni-modal rainfall pattern, occurring mainly from April to September, but it is variable and unpredictable.",676
Why is value addition a priority for staple food crops in Uganda?,post_harvest,general,sub_humid,doc_pos_035,"Because staple foods dominate household food spending, and improving value chains supports economic growth, poverty reduction, and better access to food for families.",677
How much pest damage on average was found on cocoa pods in the study?,pests,beans,sub_humid,doc_pes_025,"Insect pest damage on pods averaged 2.3 ± 0.8, 2.2 ± 1.0, and 3.0 ± (missing value) per the study.",678
What future scenarios for East Africa have been identified that could influence food security and climate change vulnerability?,climate_adaptation,general,sub_humid,doc_cli_184,The briefing outlines four scenarios that examine how political and economic integration versus increasing fragmentation could affect food security and environmental change in East Africa.,679
How can community conversation help with livestock health management?,livestock,livestock,highland,doc_liv_166,"Community conversation uses visual aids, role plays and storytelling to start dialogues that address gender inequalities in livestock health, reducing risks of exposure to diseases.",680
How can I lift water for irrigation without electricity or diesel?,water_management,general,highland,doc_wat_053,"Use solar energy-based pumps, which are a viable alternative for small-scale irrigation where electricity is scarce and diesel fuel is too expensive.",681
Does improving my education level help my farm produce more milk?,livestock,livestock,highland,doc_liv_167,"Yes, the study found that education is linked to higher production efficiency for milk-producing smallholder farms.",682
How does changing land use affect the amount of water we can get from my farm in the highland region?,water_management,general,highland,doc_wat_054,"Studies mainly look at how land use changes water yield, but detailed knowledge on the underlying hydrological processes and water quality is still limited.",683
What kinds of landforms can be identified in my area using the automatic mapping method described?,general,general,sub_humid,doc_gen_269,The method produces an automatic map of 12 distinct landform types across large continental areas.,684
How can I lower my transport and handling costs when selling my livestock?,livestock,livestock,sub_humid,doc_liv_169,"Reduce costs by using cheaper trucks and spares, cut official taxes (including fuel tax), and avoid illegal taxes along trade routes.",685
How can I use non-crop habitats to reduce the pearl millet head miner in my fields?,pests,general,semi_arid,doc_pes_027,"Plant semi-natural habitats around fields to encourage natural enemies, but be aware they may also provide resources for the pest, so balance habitat type and proximity to fields.",686
What adapted seed varieties does AMEDD recommend for my semi-arid farm?,climate_adaptation,general,semi_arid,doc_cli_185,AMEDD works with local farmers to disseminate adapted seed varieties suitable for their climate.,687
What is flood recession agriculture (FRA) and how can it help my groundnut farm?,water_management,groundnuts,semi_arid,doc_wat_055,"FRA is an agricultural practice that uses the residual soil moisture and nutrients left by receding flood water, allowing farmers to grow crops beyond the short rainy season and extend production into the dry season.",688
What does the International Livestock Research Institute (ILRI) focus on?,livestock,general,"highland, semi_arid",doc_liv_170,"ILRI works to improve food and nutritional security and reduce poverty in developing countries through research for efficient, safe and sustainable use of livestock.",689
What are the main gaps in water and agriculture implementation that affect smallholders in the highland Nile Basin?,water_management,livestock,highland,doc_wat_056,"Grassroots implementation lacks proper integration of water and agriculture, overemphasis on blue over green water, and a limited understanding of individual farmer circumstances.",690
How can I tell if my livestock might be at risk for Rift Valley fever this rainy season?,crop_diseases,livestock,semi_arid,doc_dis_226,"There is no reliable climate-based warning yet; the dynamic risk model uses 30-year data on rainfall, temperature, humidity, NDVI and sea-surface temperature but cannot give a lead-time warning.",691
How can I involve both women and men in watching for and reporting sick sheep or goats on my farm?,livestock,livestock,highland,doc_liv_171,"Work with local female and male model farmers to train them in disease diagnosis and management, then use their combined knowledge for continuous disease surveillance and reporting.",692
How can I check if my cows have the right parents in my smallholding?,livestock,livestock,highland,doc_liv_172,Use molecular techniques for parentage verification to correct pedigree errors.,693
How can I prevent soil erosion and improve fertility when planting cassava?,soil_health,general,sub_humid,doc_soi_029,"Plant cassava in better-conditioned soil, use improved cultural practices such as proper planting time, weed control, and appropriate fertilization to avoid soil resource deterioration.",694
Why does my livestock lose so much output and emit more greenhouse gases?,livestock,livestock,sub_humid,doc_liv_174,"Because 50% of livestock outputs are lost to disease and animal disease increases GHG emissions, doubling the impact of livestock production.",695
How do supply and demand shocks in poultry production affect my overall household income?,livestock,general,sub_humid,doc_liv_175,They have a limited effect because poultry makes up a small part of total household income; shocks mainly influence maize and other crop earnings and labor income linked to the poultry supply chain.,696
When was the advanced yield trial for cassava conducted in Namulonge?,crop_diseases,cassava,sub_humid,doc_dis_230,It took place during the 2016-2017 breeding season.,697
What methods were used in the study to detect *Coxiella burnetii* DNA in ticks?,livestock,livestock,semi_arid,doc_liv_177,The study compared a conventional PCR (cPCR) with two field-friendly molecular techniques for detecting *C. burnetii* DNA in ticks.,698
Can I use remote-sensing data to estimate my maize yield accurately?,climate_adaptation,maize,sub_humid,doc_cli_187,"Remote sensing can help estimate yields, but large-scale, immediate estimates are still limited; the study shows promise but does not yet provide a ready-to-use farmer tool.",699
How many households were selected for the RVF study in 2021?,crop_diseases,livestock,semi_arid,doc_dis_231,75 households were selected for the study.,700
What is a simple way to combine maize and legumes in my farm to improve yields?,general,general,sub_humid,doc_gen_272,"Try a one-year maize-legume rotation or strip-cropping, using improved seeds for both crops.",701
Which banana variety is resistant to Xanthomonas wilt?,crop_diseases,general,sub_humid,doc_dis_232,"Only the wild-type progenitor, Musa balbisiana, is resistant to BXW.",702
How can I improve my carp polyculture to get more income?,climate_adaptation,general,sub_humid,doc_cli_188,"Work with local service providers and private actors to adopt knowledge and technologies for carp polyculture, including micronutrient-rich small local fish, and seek better quality seed and services through these partnerships.",703
How many households in Zimbabwe use planting basins for small plots?,livestock,general,"semi_arid, sub_humid",doc_liv_179,About one hundred thousand households in Zimbabwe use planting basins on small plots (<0.5 ha).,704
What are the two pathways identified that help farmers diversify their systems?,climate_adaptation,general,sub_humid,doc_cli_189,The two pathways are the network pathway and the institutional pathway.,705
How many households would benefit from tree-planting restoration in the prioritized landscapes?,general,general,highland,doc_gen_274,The approach quantifies the expected impacts of restoration in terms of the number of households that would be reached by interventions.,706
What coping behaviours do farmers in these villages use to deal with drought?,climate_adaptation,general,sub_humid,doc_cli_190,"They use a mix of positive and negative coping strategies, such as diversifying income, reducing consumption, and using informal savings, though the specific actions were not listed in the excerpt.",707
What is conservation agriculture and how can it help my maize farm?,soil_health,maize,sub_humid,doc_soi_030,"Conservation agriculture reduces climate impact, lowers work effort, and boosts productivity, especially for smallholders in poor or challenging environments.",708
When and where was the Workshop on the Sahel Region held?,general,general,semi_arid,doc_gen_275,"It was held from 12-14 March 2019 at IITA Headquarters, Ibadan, Nigeria.",709
How can I supply high-iron and high-zinc beans for my local school feeding programme?,general,beans,highland,doc_gen_277,"Contact the Alliance Bioversity International and CIAT at P.O. Box 6247 Kampala, Uganda (email: ciat-u). They provide bi-fortified beans suitable for school programmes.",710
Which fungal species were studied for controlling the banana aphid?,pests,general,"highland, sub_humid",doc_pes_028,Beauveria bassiana and Metarhizium anisopliae.,711
Should I use concentrates for my dairy cattle to improve productivity?,livestock,livestock,highland,doc_liv_182,"In high-market quality sites, farmers feed more concentrates to dairy cattle, so if your market is high quality, adding concentrates can help boost productivity.",712
What is the typical nitrate level in stream water near my smallholder farm area?,fertiliser,general,highland,doc_fer_107,In the smallholder agriculture subcatchment the average NO3-N concentration was 1.09 ± 0.11 mg N L−1.,713
Where should I record the altitude of my farm in the questionnaire?,general,general,highland,doc_gen_279,Enter the altitude in meters in the field labeled INF.ID.12.,714
How do gender power relations influence farmers' resilience during crises?,general,general,sub_humid,doc_gen_280,"Gender power relations are a key factor shaping how well people cope with crises, including displacement, by affecting economic and social conditions.",715
What is the purpose of the CGIAR Research Program on Livestock?,livestock,livestock,highland,doc_liv_183,"The program provides research-based solutions to help smallholder farmers, pastoralists, and agro-pastoralists transition to sustainable, resilient livelihoods and to productive enterprises that will enable feeding current and future generations.",716
Will contracting with supermarkets help me get a steady income as a smallholder vegetable farmer?,general,general,semi_arid,doc_gen_281,"Studies suggest supermarket contracts can affect farmers' income, but they do not guarantee a specific income level or stability.",717
How can studying past and present herd mobility patterns help improve land management?,livestock,livestock,highland,doc_liv_184,It can improve land management by providing insights into better use of land resources.,718
How can protecting areas with bats help reduce pest damage for my farm?,crop_diseases,general,highland,doc_dis_235,"Bats roosting in protected areas eat many agricultural pests, so nearby farms may see fewer pest attacks and lower crop losses.",719
How can I get involved in biofuel production in this region?,general,general,semi_arid,doc_gen_285,"Join inclusive business models that simplify land acquisition and investment processes, and work with manufacturers who are easing domestic feedstock sourcing requirements.",720
"Which soil depth provides most of the water for trees in a montane forest, and should I focus my irrigation on that depth?",water_management,general,highland,doc_wat_058,"In this study, Drypetes gerrardii drew 75 % of its water from soil shallower than 0.5 m, but overall there was no consistent species-specific or spatiotemporal pattern, so irrigation depth may vary by species.",721
What is LandscapeCPR and how can it help my farm?,general,general,highland,doc_gen_286,"LandscapeCPR is a farm development and asset management model that creates investment opportunities for impact investors while operating fairly and transparently to achieve financial, environmental, and social returns.",722
How many people attended the workshop and how many were women?,climate_adaptation,general,sub_humid,doc_cli_197,"Thirty-six people attended the workshop, including eight women.",723
How does ergot spread in sorghum fields and what causes the quick spread?,crop_diseases,sorghum,semi_arid,doc_dis_238,"Ergot spreads mainly through windborne secondary conidia produced on honeydew from infected plants, causing rapid disease spread.",724
"Why does newly harvested maize have a higher moisture content than maize from the previous harvest, and how does this affect its storage?",post_harvest,maize,sub_humid,doc_pos_037,"New harvest maize is wetter; the extra moisture makes it unsuitable for storage or milling until it is dried, which can reduce moisture by about 20 percent.",725
Which plant species are most invasive in the forests of Grande Comore?,general,general,highland,doc_gen_288,The study does not list specific species; it only identifies that exotic plants are a serious invasion problem.,726
What is the focus of the study mentioned in the excerpt?,livestock,general,sub_humid,doc_liv_187,"The study characterizes livestock feed resources and explores potential ways to enhance dairy productivity in Bwacha, Choma District, Zambia.",727
Does the 2021 study say that climate-smart agriculture in Zambia can help protect forests?,general,general,sub_humid,doc_gen_290,"Yes, the study examines a link between climate-smart agriculture in Zambia and deforestation.",728
Which nutrients are being tested in the potato leaf samples?,fertiliser,general,highland,doc_fer_111,"P, K, Ca, Mg, S, B, Fe, Mn, Zn, Cu, Mo, and Ni.",729
What were the main objectives of the survey conducted with smallholder farmers during the COVID-19 pandemic?,crop_diseases,general,sub_humid,doc_dis_241,The survey aimed to describe how farmers perceive the key effects of COVID-19 and containment measures on livelihoods and food security; the effects on agricultural activities; and the coping strategies households deployed.,730
"What is the main goal of the programme run by the Rome-based UN agencies and the Government of Canada in the DRC, Niger, and Somalia?",general,general,sub_humid,doc_gen_291,"The programme aims to strengthen livelihood resilience by building sustainable food security and resilience to shocks, focusing on improving food availability, productive assets, nutrition, and governance of natural resources.",731
How much investment is needed to boost the dairy sector in Tanzania?,livestock,livestock,highland,doc_liv_188,Nearly USD 101 million is required for the targeted interventions.,732
How can I get reliable agricultural information given the challenges of inclusion and affordability?,general,general,sub_humid,doc_gen_292,"Extension services use computers, phones, and radio to reach more farmers, but you may still face limits in access and cost.",733
"If I increase the amount of fertilizer I use, how much can my crop output improve?",fertiliser,general,semi_arid,doc_fer_113,Using more fertilizer can raise output by about 29%.,734
Why is aflatoxin a big problem for crops in tropical areas?,crop_diseases,general,sub_humid,doc_dis_243,"Aflatoxin, produced mainly by Aspergillus flavus, threatens food safety and security, reduces income, and triggers trade restrictions, especially in tropical and sub-tropical regions where maize, groundnut, and sorghum are common.",735
Should I keep my black-coated Menz sheep for breeding or sell them?,livestock,livestock,highland,doc_liv_190,"Black-coated sires are usually culled because of consumer preference, even though they have good breeding values, so it's best to use white-coated sheep for breeding in community-based programs.",736
Which crops does IITA primarily focus on for crop improvement?,crop_diseases,general,sub_humid,doc_dis_245,"IITA's crop improvement programs focus primarily on cassava, maize and cowpeas, with yams, soybeans and plantains also being major research concerns.",737
What benefits can I expect from using improved maize varieties?,general,maize,sub_humid,doc_gen_293,"Improved maize varieties can increase my income, lower my workload, and improve food security.",738
How does the consistency of policy use affect food price volatility in Kenya?,general,general,semi_arid,doc_gen_294,Consistent use of policy instruments is key to reducing food price volatility; irregular application tends to maintain high price swings.,739
"Which altitude, low or intermediate, gives cassava with higher peak viscosity?",general,cassava,sub_humid,doc_gen_295,Intermediate altitude (above 900 m a.s.l.) gives cassava with higher peak viscosity than low altitude.,740
What can I learn from the first two years of tree growth in a study that compared different irrigation regimes?,water_management,general,semi_arid,doc_wat_060,"In that study, researchers observed how tree growth morphology changed in the first two years under both limited and well-watered conditions, showing how different genotypes responded to soil water restriction.",741
What traits do male and female farmers in sub-humid zones prefer in maize varieties?,general,maize,sub_humid,doc_gen_297,"They favor varieties that give high yield, good postharvest qualities, improved nutrition, and better processing characteristics.",742
Where did Esther get a loan from?,general,general,sub_humid,doc_gen_298,She got a loan from a savings and credit organization.,743
Does growing coffee at higher altitude or under more shade reduce the risk of African coffee white stem borer damage?,pests,general,sub_humid,doc_pes_029,"Yes, higher altitude and increased shade help limit CWSB development by affecting its minimum temperature, reducing infestation.",744
How much more grain can I produce if I grow the doubled-up legume intercrop instead of just one crop?,fertiliser,general,highland,doc_fer_114,"The system can double your grain yield, giving up to 40 % more grain per unit area.",745
How can we improve coordination of extension services in our community?,general,general,highland,doc_gen_299,The study uses relational coordination theory to guide strengthening coordination in extension services delivery.,746
How can I use AI or remote sensing to monitor the spread of Prosopis juliflora in my rangelands?,climate_adaptation,general,highland,doc_cli_204,"Use AI and remote sensing to analyze weather, land cover, and biophysical data to distinguish Prosopis juliflora from native vegetation.",747
How does water scarcity affect the health of my livestock?,climate_adaptation,livestock,semi_arid,doc_cli_205,"Water scarcity can harm livestock health by limiting drinking water, leading to dehydration, weakened immunity, and increased disease risk.",748
How can I prevent gully erosion in my fields?,soil_health,general,sub_humid,doc_soi_032,"Use graded contour banks, which help stop gully erosion.",749
እንባት ምርት በሚኖሩበት ተቀናበር የተለየ የመሬት አይነት የሚፈልጋቸው የአይነት ጉዞ በዓለም ላይ ምን ይፈልጋሉ?,livestock,livestock,"highland, sub_humid",doc_liv_194,ይህ የሳር ዘር በጥሩ ሁኔታ የተለያዩ መሬት አይነቶች ላይ በተከተለው ፈውስ ተስማሚ ነው፤ ከpH 3.5 ድርሻ እስከ ተደርሰ የቀይ መሬት ድምር ማድረግ ይችላል።,750
What is climate-smart agriculture and why is it important for smallholder farmers in sub-humid zones?,climate_adaptation,general,sub_humid,doc_cli_206,"Climate-smart agriculture (CSA) is a strategy that helps farmers adapt to climate change by making food systems more resilient and sustainable, addressing challenges that affect smallholder farmers in sub-Saharan Africa.",751
How well do indigenous Nigerian chickens survive in harsh tropical climates?,crop_diseases,livestock,"semi_arid, sub_humid",doc_dis_248,"Indigenous Nigerian chickens can survive long arid seasons, excessive rain, humidity, and extreme heat, showing resilience to disease challenges.",752
What is the best population density and nitrogen fertilisation combination for growing sorghum in Mali's semi-arid agro-zone?,fertiliser,sorghum,semi_arid,doc_fer_115,"The study identified the optimum combinations of population density and nitrogen fertilisation for the eight locally available sorghum varieties, but specific values are not provided in the excerpt.",753
What factors should I consider when managing soil fertility on my small farm?,fertiliser,general,sub_humid,doc_fer_116,"Look beyond topsoil chemicals-include climate, pests, markets, and how these interact with your crops and soils for practical fertility decisions.",754
"How do planting basins help with drought, and what is needed to make them work?",climate_adaptation,general,semi_arid,doc_cli_208,"Planting basins hold water for crops during droughts, but creating and maintaining them requires significant labour.",755
How did Tanzania's poverty rate change between 2001 and 2007?,fertiliser,general,highland,doc_fer_117,It fell from 35.7 % to 33.6 %.,756
What percentage of bean farmers produce beans before they have identified buyers?,general,beans,highland,doc_gen_301,94% of the farmers produced beans before identifying buyers.,757
When during the year are GHS-Panel households surveyed for post-harvest data?,post_harvest,general,sub_humid,doc_pos_010,"GHS-Panel households are visited twice, the first visit occurring after the planting season, between July.",758
How will the project help farmers increase their access to diverse nutrient-rich foods?,fertiliser,general,highland,doc_fer_021,By conducting a study on the cost of the recommended diet in Ethiopia to support nutrition-sensitive agricultural policies.,759
